code,rf_from_true
'bali_phy_msa.1.fas', 124
'bali_phy_msa.10.fas', 84
'bali_phy_msa.100.fas', 86
'bali_phy_msa.101.fas', 84
'bali_phy_msa.102.fas', 84
'bali_phy_msa.103.fas', 86
'bali_phy_msa.104.fas', 86
'bali_phy_msa.105.fas', 86
'bali_phy_msa.106.fas', 86
'bali_phy_msa.107.fas', 86
'bali_phy_msa.108.fas', 86
'bali_phy_msa.109.fas', 86
'bali_phy_msa.11.fas', 86
'bali_phy_msa.110.fas', 86
'bali_phy_msa.111.fas', 82
'bali_phy_msa.112.fas', 84
'bali_phy_msa.113.fas', 86
'bali_phy_msa.114.fas', 86
'bali_phy_msa.115.fas', 86
'bali_phy_msa.116.fas', 84
'bali_phy_msa.117.fas', 84
'bali_phy_msa.118.fas', 88
'bali_phy_msa.119.fas', 86
'bali_phy_msa.12.fas', 86
'bali_phy_msa.120.fas', 84
'bali_phy_msa.121.fas', 86
'bali_phy_msa.122.fas', 86
'bali_phy_msa.123.fas', 88
'bali_phy_msa.124.fas', 90
'bali_phy_msa.125.fas', 86
'bali_phy_msa.126.fas', 86
'bali_phy_msa.127.fas', 86
'bali_phy_msa.128.fas', 90
'bali_phy_msa.129.fas', 86
'bali_phy_msa.13.fas', 82
'bali_phy_msa.130.fas', 86
'bali_phy_msa.131.fas', 84
'bali_phy_msa.132.fas', 86
'bali_phy_msa.133.fas', 86
'bali_phy_msa.134.fas', 84
'bali_phy_msa.135.fas', 86
'bali_phy_msa.136.fas', 84
'bali_phy_msa.137.fas', 86
'bali_phy_msa.138.fas', 86
'bali_phy_msa.139.fas', 86
'bali_phy_msa.14.fas', 84
'bali_phy_msa.140.fas', 86
'bali_phy_msa.141.fas', 84
'bali_phy_msa.142.fas', 82
'bali_phy_msa.143.fas', 88
'bali_phy_msa.144.fas', 86
'bali_phy_msa.145.fas', 86
'bali_phy_msa.146.fas', 86
'bali_phy_msa.147.fas', 86
'bali_phy_msa.148.fas', 86
'bali_phy_msa.149.fas', 86
'bali_phy_msa.15.fas', 86
'bali_phy_msa.150.fas', 86
'bali_phy_msa.151.fas', 86
'bali_phy_msa.152.fas', 84
'bali_phy_msa.153.fas', 88
'bali_phy_msa.154.fas', 86
'bali_phy_msa.155.fas', 86
'bali_phy_msa.156.fas', 86
'bali_phy_msa.157.fas', 86
'bali_phy_msa.158.fas', 86
'bali_phy_msa.159.fas', 84
'bali_phy_msa.16.fas', 84
'bali_phy_msa.160.fas', 84
'bali_phy_msa.161.fas', 88
'bali_phy_msa.162.fas', 86
'bali_phy_msa.163.fas', 88
'bali_phy_msa.164.fas', 86
'bali_phy_msa.165.fas', 86
'bali_phy_msa.166.fas', 86
'bali_phy_msa.167.fas', 86
'bali_phy_msa.168.fas', 84
'bali_phy_msa.169.fas', 86
'bali_phy_msa.17.fas', 86
'bali_phy_msa.170.fas', 86
'bali_phy_msa.171.fas', 86
'bali_phy_msa.172.fas', 90
'bali_phy_msa.173.fas', 86
'bali_phy_msa.174.fas', 86
'bali_phy_msa.175.fas', 86
'bali_phy_msa.176.fas', 84
'bali_phy_msa.177.fas', 84
'bali_phy_msa.178.fas', 86
'bali_phy_msa.179.fas', 86
'bali_phy_msa.18.fas', 82
'bali_phy_msa.180.fas', 84
'bali_phy_msa.181.fas', 86
'bali_phy_msa.182.fas', 86
'bali_phy_msa.183.fas', 84
'bali_phy_msa.184.fas', 84
'bali_phy_msa.185.fas', 86
'bali_phy_msa.186.fas', 84
'bali_phy_msa.187.fas', 86
'bali_phy_msa.188.fas', 84
'bali_phy_msa.189.fas', 86
'bali_phy_msa.19.fas', 86
'bali_phy_msa.190.fas', 86
'bali_phy_msa.191.fas', 82
'bali_phy_msa.192.fas', 82
'bali_phy_msa.193.fas', 86
'bali_phy_msa.194.fas', 82
'bali_phy_msa.195.fas', 86
'bali_phy_msa.196.fas', 84
'bali_phy_msa.197.fas', 86
'bali_phy_msa.198.fas', 86
'bali_phy_msa.199.fas', 86
'bali_phy_msa.2.fas', 94
'bali_phy_msa.20.fas', 86
'bali_phy_msa.200.fas', 84
'bali_phy_msa.201.fas', 86
'bali_phy_msa.202.fas', 86
'bali_phy_msa.203.fas', 82
'bali_phy_msa.204.fas', 86
'bali_phy_msa.205.fas', 86
'bali_phy_msa.206.fas', 86
'bali_phy_msa.207.fas', 84
'bali_phy_msa.208.fas', 90
'bali_phy_msa.209.fas', 86
'bali_phy_msa.21.fas', 84
'bali_phy_msa.210.fas', 86
'bali_phy_msa.211.fas', 86
'bali_phy_msa.212.fas', 86
'bali_phy_msa.213.fas', 84
'bali_phy_msa.214.fas', 86
'bali_phy_msa.215.fas', 82
'bali_phy_msa.216.fas', 86
'bali_phy_msa.217.fas', 86
'bali_phy_msa.218.fas', 86
'bali_phy_msa.219.fas', 84
'bali_phy_msa.22.fas', 84
'bali_phy_msa.220.fas', 86
'bali_phy_msa.221.fas', 86
'bali_phy_msa.222.fas', 82
'bali_phy_msa.223.fas', 86
'bali_phy_msa.224.fas', 86
'bali_phy_msa.225.fas', 86
'bali_phy_msa.226.fas', 84
'bali_phy_msa.227.fas', 84
'bali_phy_msa.228.fas', 84
'bali_phy_msa.229.fas', 86
'bali_phy_msa.23.fas', 86
'bali_phy_msa.230.fas', 84
'bali_phy_msa.231.fas', 84
'bali_phy_msa.232.fas', 84
'bali_phy_msa.233.fas', 86
'bali_phy_msa.234.fas', 86
'bali_phy_msa.235.fas', 86
'bali_phy_msa.236.fas', 84
'bali_phy_msa.237.fas', 84
'bali_phy_msa.238.fas', 84
'bali_phy_msa.239.fas', 86
'bali_phy_msa.24.fas', 82
'bali_phy_msa.240.fas', 86
'bali_phy_msa.241.fas', 84
'bali_phy_msa.242.fas', 86
'bali_phy_msa.243.fas', 82
'bali_phy_msa.244.fas', 84
'bali_phy_msa.245.fas', 84
'bali_phy_msa.246.fas', 86
'bali_phy_msa.247.fas', 80
'bali_phy_msa.248.fas', 84
'bali_phy_msa.249.fas', 86
'bali_phy_msa.25.fas', 86
'bali_phy_msa.250.fas', 84
'bali_phy_msa.251.fas', 84
'bali_phy_msa.252.fas', 86
'bali_phy_msa.253.fas', 86
'bali_phy_msa.254.fas', 86
'bali_phy_msa.255.fas', 84
'bali_phy_msa.256.fas', 88
'bali_phy_msa.257.fas', 84
'bali_phy_msa.258.fas', 84
'bali_phy_msa.259.fas', 84
'bali_phy_msa.26.fas', 86
'bali_phy_msa.260.fas', 86
'bali_phy_msa.261.fas', 84
'bali_phy_msa.262.fas', 84
'bali_phy_msa.263.fas', 84
'bali_phy_msa.264.fas', 86
'bali_phy_msa.265.fas', 86
'bali_phy_msa.266.fas', 86
'bali_phy_msa.267.fas', 86
'bali_phy_msa.268.fas', 86
'bali_phy_msa.269.fas', 84
'bali_phy_msa.27.fas', 86
'bali_phy_msa.270.fas', 86
'bali_phy_msa.271.fas', 86
'bali_phy_msa.272.fas', 84
'bali_phy_msa.273.fas', 86
'bali_phy_msa.274.fas', 84
'bali_phy_msa.275.fas', 86
'bali_phy_msa.276.fas', 84
'bali_phy_msa.277.fas', 84
'bali_phy_msa.278.fas', 84
'bali_phy_msa.279.fas', 86
'bali_phy_msa.28.fas', 84
'bali_phy_msa.280.fas', 86
'bali_phy_msa.281.fas', 86
'bali_phy_msa.282.fas', 86
'bali_phy_msa.283.fas', 86
'bali_phy_msa.284.fas', 86
'bali_phy_msa.285.fas', 86
'bali_phy_msa.286.fas', 86
'bali_phy_msa.287.fas', 84
'bali_phy_msa.288.fas', 84
'bali_phy_msa.289.fas', 84
'bali_phy_msa.29.fas', 86
'bali_phy_msa.290.fas', 86
'bali_phy_msa.291.fas', 86
'bali_phy_msa.292.fas', 84
'bali_phy_msa.293.fas', 86
'bali_phy_msa.294.fas', 86
'bali_phy_msa.295.fas', 84
'bali_phy_msa.296.fas', 86
'bali_phy_msa.297.fas', 86
'bali_phy_msa.298.fas', 86
'bali_phy_msa.299.fas', 82
'bali_phy_msa.3.fas', 86
'bali_phy_msa.30.fas', 86
'bali_phy_msa.300.fas', 84
'bali_phy_msa.301.fas', 84
'bali_phy_msa.302.fas', 86
'bali_phy_msa.303.fas', 84
'bali_phy_msa.304.fas', 86
'bali_phy_msa.305.fas', 86
'bali_phy_msa.306.fas', 86
'bali_phy_msa.307.fas', 86
'bali_phy_msa.308.fas', 86
'bali_phy_msa.309.fas', 86
'bali_phy_msa.31.fas', 90
'bali_phy_msa.310.fas', 86
'bali_phy_msa.311.fas', 86
'bali_phy_msa.312.fas', 86
'bali_phy_msa.313.fas', 84
'bali_phy_msa.314.fas', 84
'bali_phy_msa.315.fas', 86
'bali_phy_msa.316.fas', 86
'bali_phy_msa.317.fas', 86
'bali_phy_msa.318.fas', 86
'bali_phy_msa.319.fas', 86
'bali_phy_msa.32.fas', 86
'bali_phy_msa.320.fas', 84
'bali_phy_msa.321.fas', 86
'bali_phy_msa.322.fas', 84
'bali_phy_msa.323.fas', 84
'bali_phy_msa.324.fas', 82
'bali_phy_msa.325.fas', 86
'bali_phy_msa.326.fas', 84
'bali_phy_msa.327.fas', 90
'bali_phy_msa.328.fas', 86
'bali_phy_msa.329.fas', 86
'bali_phy_msa.33.fas', 84
'bali_phy_msa.330.fas', 86
'bali_phy_msa.331.fas', 86
'bali_phy_msa.332.fas', 86
'bali_phy_msa.333.fas', 86
'bali_phy_msa.334.fas', 86
'bali_phy_msa.335.fas', 86
'bali_phy_msa.336.fas', 86
'bali_phy_msa.337.fas', 86
'bali_phy_msa.338.fas', 86
'bali_phy_msa.339.fas', 84
'bali_phy_msa.34.fas', 84
'bali_phy_msa.340.fas', 84
'bali_phy_msa.341.fas', 86
'bali_phy_msa.342.fas', 86
'bali_phy_msa.343.fas', 86
'bali_phy_msa.344.fas', 84
'bali_phy_msa.345.fas', 84
'bali_phy_msa.346.fas', 86
'bali_phy_msa.347.fas', 88
'bali_phy_msa.348.fas', 84
'bali_phy_msa.349.fas', 86
'bali_phy_msa.35.fas', 86
'bali_phy_msa.350.fas', 84
'bali_phy_msa.351.fas', 86
'bali_phy_msa.352.fas', 84
'bali_phy_msa.353.fas', 86
'bali_phy_msa.354.fas', 86
'bali_phy_msa.355.fas', 84
'bali_phy_msa.356.fas', 84
'bali_phy_msa.357.fas', 86
'bali_phy_msa.358.fas', 86
'bali_phy_msa.359.fas', 86
'bali_phy_msa.36.fas', 84
'bali_phy_msa.360.fas', 86
'bali_phy_msa.361.fas', 86
'bali_phy_msa.362.fas', 86
'bali_phy_msa.363.fas', 86
'bali_phy_msa.364.fas', 84
'bali_phy_msa.365.fas', 84
'bali_phy_msa.366.fas', 86
'bali_phy_msa.367.fas', 84
'bali_phy_msa.368.fas', 86
'bali_phy_msa.369.fas', 86
'bali_phy_msa.37.fas', 86
'bali_phy_msa.370.fas', 86
'bali_phy_msa.371.fas', 86
'bali_phy_msa.372.fas', 84
'bali_phy_msa.373.fas', 86
'bali_phy_msa.374.fas', 86
'bali_phy_msa.375.fas', 86
'bali_phy_msa.376.fas', 86
'bali_phy_msa.377.fas', 86
'bali_phy_msa.378.fas', 86
'bali_phy_msa.379.fas', 86
'bali_phy_msa.38.fas', 86
'bali_phy_msa.380.fas', 84
'bali_phy_msa.381.fas', 86
'bali_phy_msa.382.fas', 86
'bali_phy_msa.383.fas', 86
'bali_phy_msa.384.fas', 84
'bali_phy_msa.385.fas', 86
'bali_phy_msa.386.fas', 82
'bali_phy_msa.387.fas', 86
'bali_phy_msa.388.fas', 86
'bali_phy_msa.389.fas', 86
'bali_phy_msa.39.fas', 86
'bali_phy_msa.390.fas', 86
'bali_phy_msa.391.fas', 84
'bali_phy_msa.392.fas', 86
'bali_phy_msa.393.fas', 86
'bali_phy_msa.394.fas', 84
'bali_phy_msa.395.fas', 86
'bali_phy_msa.396.fas', 84
'bali_phy_msa.397.fas', 84
'bali_phy_msa.398.fas', 86
'bali_phy_msa.399.fas', 86
'bali_phy_msa.4.fas', 86
'bali_phy_msa.40.fas', 86
'bali_phy_msa.400.fas', 86
'bali_phy_msa.41.fas', 84
'bali_phy_msa.42.fas', 84
'bali_phy_msa.43.fas', 84
'bali_phy_msa.44.fas', 86
'bali_phy_msa.45.fas', 86
'bali_phy_msa.46.fas', 84
'bali_phy_msa.47.fas', 88
'bali_phy_msa.48.fas', 84
'bali_phy_msa.49.fas', 86
'bali_phy_msa.5.fas', 84
'bali_phy_msa.50.fas', 86
'bali_phy_msa.51.fas', 84
'bali_phy_msa.52.fas', 86
'bali_phy_msa.53.fas', 86
'bali_phy_msa.54.fas', 86
'bali_phy_msa.55.fas', 84
'bali_phy_msa.56.fas', 86
'bali_phy_msa.57.fas', 86
'bali_phy_msa.58.fas', 84
'bali_phy_msa.59.fas', 84
'bali_phy_msa.6.fas', 86
'bali_phy_msa.60.fas', 86
'bali_phy_msa.61.fas', 86
'bali_phy_msa.62.fas', 86
'bali_phy_msa.63.fas', 86
'bali_phy_msa.64.fas', 86
'bali_phy_msa.65.fas', 90
'bali_phy_msa.66.fas', 88
'bali_phy_msa.67.fas', 84
'bali_phy_msa.68.fas', 86
'bali_phy_msa.69.fas', 86
'bali_phy_msa.7.fas', 86
'bali_phy_msa.70.fas', 86
'bali_phy_msa.71.fas', 84
'bali_phy_msa.72.fas', 86
'bali_phy_msa.73.fas', 86
'bali_phy_msa.74.fas', 86
'bali_phy_msa.75.fas', 86
'bali_phy_msa.76.fas', 86
'bali_phy_msa.77.fas', 86
'bali_phy_msa.78.fas', 84
'bali_phy_msa.79.fas', 84
'bali_phy_msa.8.fas', 88
'bali_phy_msa.80.fas', 84
'bali_phy_msa.81.fas', 86
'bali_phy_msa.82.fas', 86
'bali_phy_msa.83.fas', 86
'bali_phy_msa.84.fas', 86
'bali_phy_msa.85.fas', 86
'bali_phy_msa.86.fas', 84
'bali_phy_msa.87.fas', 86
'bali_phy_msa.88.fas', 84
'bali_phy_msa.89.fas', 84
'bali_phy_msa.9.fas', 86
'bali_phy_msa.90.fas', 86
'bali_phy_msa.91.fas', 84
'bali_phy_msa.92.fas', 86
'bali_phy_msa.93.fas', 86
'bali_phy_msa.94.fas', 84
'bali_phy_msa.95.fas', 86
'bali_phy_msa.96.fas', 86
'bali_phy_msa.97.fas', 86
'bali_phy_msa.98.fas', 84
'bali_phy_msa.99.fas', 84
'MAFFT_b0#0072_hhH_tree_74_OP_1.9907948557296418_Split_72.fasta', 82
'MAFFT_b0#0072_hhT_tree_39_OP_1.782001260864562_Split_72.fasta', 88
'MAFFT_b0#0072_hhT_tree_74_OP_1.9907948557296418_Split_72.fasta', 82
'MAFFT_b0#0072_htT_tree_74_OP_1.9907948557296418_Split_72.fasta', 86
'MAFFT_b0#0072_thT_tree_39_OP_1.782001260864562_Split_72.fasta', 88
'MAFFT_b0#0072_ttH_tree_39_OP_1.782001260864562_Split_72.fasta', 82
'MAFFT_b0#0072_ttH_tree_74_OP_1.9907948557296418_Split_72.fasta', 86
'MAFFT_b0#0072_ttT_tree_39_OP_1.782001260864562_Split_72.fasta', 82
'MAFFT_b0#0073_hhH_tree_72_OP_1.2847368950501976_Split_73.fasta', 90
'MAFFT_b0#0073_htT_tree_72_OP_1.2847368950501976_Split_73.fasta', 90
'MAFFT_b0#0073_thT_tree_72_OP_1.2847368950501976_Split_73.fasta', 90
'MAFFT_b0#0073_ttT_tree_72_OP_1.2847368950501976_Split_73.fasta', 90
'MAFFT_b0#0074_hhH_tree_57_OP_2.54578155531949_Split_74.fasta', 88
'MAFFT_b0#0074_hhT_tree_57_OP_2.54578155531949_Split_74.fasta', 88
'MAFFT_b0#0074_htH_tree_46_OP_1.4327650627329234_Split_74.fasta', 80
'MAFFT_b0#0074_htH_tree_57_OP_2.54578155531949_Split_74.fasta', 84
'MAFFT_b0#0074_thH_tree_46_OP_1.4327650627329234_Split_74.fasta', 84
'MAFFT_b0#0074_thT_tree_46_OP_1.4327650627329234_Split_74.fasta', 84
'MAFFT_b0#0074_ttH_tree_46_OP_1.4327650627329234_Split_74.fasta', 80
'MAFFT_b0#0074_ttH_tree_57_OP_2.54578155531949_Split_74.fasta', 84
'MAFFT_b0#0075_hhT_tree_2_OP_1.5699182788181343_Split_75.fasta', 88
'MAFFT_b0#0075_htT_tree_2_OP_1.5699182788181343_Split_75.fasta', 86
'MAFFT_b0#0075_thH_tree_2_OP_1.5699182788181343_Split_75.fasta', 88
'MAFFT_b0#0075_ttT_tree_2_OP_1.5699182788181343_Split_75.fasta', 86
'MAFFT_b0#0078_hhH_tree_89_OP_1.346742443921104_Split_78.fasta', 90
'MAFFT_b0#0078_hhT_tree_89_OP_1.346742443921104_Split_78.fasta', 90
'MAFFT_b0#0078_thH_tree_89_OP_1.346742443921104_Split_78.fasta', 90
'MAFFT_b0#0078_thT_tree_89_OP_1.346742443921104_Split_78.fasta', 90
'MAFFT_b0#0080_hhH_tree_42_OP_1.2233803782003307_Split_80.fasta', 90
'MAFFT_b0#0080_hhH_tree_82_OP_2.722114917861654_Split_80.fasta', 88
'MAFFT_b0#0080_hhT_tree_42_OP_1.2233803782003307_Split_80.fasta', 90
'MAFFT_b0#0080_htT_tree_42_OP_1.2233803782003307_Split_80.fasta', 94
'MAFFT_b0#0080_thT_tree_42_OP_1.2233803782003307_Split_80.fasta', 90
'MAFFT_b0#0080_thT_tree_82_OP_2.722114917861654_Split_80.fasta', 88
'MAFFT_b0#0080_ttH_tree_82_OP_2.722114917861654_Split_80.fasta', 84
'MAFFT_b0#0080_ttT_tree_82_OP_2.722114917861654_Split_80.fasta', 84
'MAFFT_b0#0083_hhT_tree_11_OP_1.5768560018637672_Split_83.fasta', 84
'MAFFT_b0#0083_hhT_tree_96_OP_2.7533048964132307_Split_83.fasta', 94
'MAFFT_b0#0083_htH_tree_96_OP_2.7533048964132307_Split_83.fasta', 94
'MAFFT_b0#0083_htT_tree_11_OP_1.5768560018637672_Split_83.fasta', 82
'MAFFT_b0#0083_thT_tree_96_OP_2.7533048964132307_Split_83.fasta', 94
'MAFFT_b0#0083_ttH_tree_11_OP_1.5768560018637672_Split_83.fasta', 80
'MAFFT_b0#0083_ttT_tree_11_OP_1.5768560018637672_Split_83.fasta', 80
'MAFFT_b0#0083_ttT_tree_96_OP_2.7533048964132307_Split_83.fasta', 94
'MAFFT_b0#0084_hhH_tree_20_OP_2.7414516433287566_Split_84.fasta', 90
'MAFFT_b0#0084_hhH_tree_79_OP_1.244222429737621_Split_84.fasta', 90
'MAFFT_b0#0084_hhT_tree_20_OP_2.7414516433287566_Split_84.fasta', 90
'MAFFT_b0#0084_hhT_tree_76_OP_1.0664681192566676_Split_84.fasta', 84
'MAFFT_b0#0084_hhT_tree_79_OP_1.244222429737621_Split_84.fasta', 90
'MAFFT_b0#0084_htH_tree_20_OP_2.7414516433287566_Split_84.fasta', 88
'MAFFT_b0#0084_htT_tree_76_OP_1.0664681192566676_Split_84.fasta', 86
'MAFFT_b0#0084_htT_tree_79_OP_1.244222429737621_Split_84.fasta', 88
'MAFFT_b0#0084_thT_tree_20_OP_2.7414516433287566_Split_84.fasta', 90
'MAFFT_b0#0084_thT_tree_76_OP_1.0664681192566676_Split_84.fasta', 84
'MAFFT_b0#0084_ttH_tree_76_OP_1.0664681192566676_Split_84.fasta', 86
'MAFFT_b0#0084_ttH_tree_79_OP_1.244222429737621_Split_84.fasta', 88
'MAFFT_b0#0085_thH_tree_83_OP_2.155927182903591_Split_85.fasta', 88
'MAFFT_b0#0085_thT_tree_83_OP_2.155927182903591_Split_85.fasta', 88
'MAFFT_b0#0085_ttH_tree_83_OP_2.155927182903591_Split_85.fasta', 88
'MAFFT_b0#0085_ttT_tree_83_OP_2.155927182903591_Split_85.fasta', 88
'MAFFT_b0#0086_hhT_tree_44_OP_2.844149524750718_Split_86.fasta', 90
'MAFFT_b0#0086_htT_tree_44_OP_2.844149524750718_Split_86.fasta', 92
'MAFFT_b0#0086_thH_tree_44_OP_2.844149524750718_Split_86.fasta', 90
'MAFFT_b0#0086_ttT_tree_44_OP_2.844149524750718_Split_86.fasta', 92
'MAFFT_b0#0087_hhH_tree_78_OP_2.7765918136583063_Split_87.fasta', 84
'MAFFT_b0#0087_hhT_tree_78_OP_2.7765918136583063_Split_87.fasta', 84
'MAFFT_b0#0087_htT_tree_78_OP_2.7765918136583063_Split_87.fasta', 90
'MAFFT_b0#0087_thH_tree_78_OP_2.7765918136583063_Split_87.fasta', 84
'MAFFT_b0#0089_hhH_tree_9_OP_1.249571934699986_Split_89.fasta', 80
'MAFFT_b0#0089_htH_tree_9_OP_1.249571934699986_Split_89.fasta', 82
'MAFFT_b0#0089_thT_tree_9_OP_1.249571934699986_Split_89.fasta', 80
'MAFFT_b0#0089_ttT_tree_9_OP_1.249571934699986_Split_89.fasta', 82
'MAFFT_b0#0091_htH_tree_52_OP_2.8994908810804993_Split_91.fasta', 82
'MAFFT_b0#0091_thH_tree_52_OP_2.8994908810804993_Split_91.fasta', 88
'MAFFT_b0#0091_thT_tree_52_OP_2.8994908810804993_Split_91.fasta', 88
'MAFFT_b0#0091_ttT_tree_52_OP_2.8994908810804993_Split_91.fasta', 82
'MAFFT_b0#0092_htH_tree_27_OP_2.533187626783996_Split_92.fasta', 88
'MAFFT_b0#0092_htT_tree_62_OP_2.3306906586347154_Split_92.fasta', 82
'MAFFT_b0#0092_thH_tree_27_OP_2.533187626783996_Split_92.fasta', 90
'MAFFT_b0#0092_thH_tree_62_OP_2.3306906586347154_Split_92.fasta', 82
'MAFFT_b0#0092_thT_tree_27_OP_2.533187626783996_Split_92.fasta', 90
'MAFFT_b0#0092_thT_tree_62_OP_2.3306906586347154_Split_92.fasta', 82
'MAFFT_b0#0092_ttH_tree_62_OP_2.3306906586347154_Split_92.fasta', 82
'MAFFT_b0#0092_ttT_tree_27_OP_2.533187626783996_Split_92.fasta', 88
'MAFFT_b0#0093_hhT_tree_28_OP_2.797892476021037_Split_93.fasta', 92
'MAFFT_b0#0093_htH_tree_28_OP_2.797892476021037_Split_93.fasta', 92
'MAFFT_b0#0093_thH_tree_28_OP_2.797892476021037_Split_93.fasta', 92
'MAFFT_b0#0093_ttH_tree_28_OP_2.797892476021037_Split_93.fasta', 92
'MAFFT_b0#0094_hhH_tree_60_OP_1.380654269463463_Split_94.fasta', 82
'MAFFT_b0#0094_hhT_tree_60_OP_1.380654269463463_Split_94.fasta', 82
'MAFFT_b0#0094_thT_tree_60_OP_1.380654269463463_Split_94.fasta', 82
'MAFFT_b0#0094_ttT_tree_60_OP_1.380654269463463_Split_94.fasta', 82
'MAFFT_b0#0095_htH_tree_86_OP_2.838925193728116_Split_95.fasta', 84
'MAFFT_b0#0095_htT_tree_86_OP_2.838925193728116_Split_95.fasta', 84
'MAFFT_b0#0095_thH_tree_86_OP_2.838925193728116_Split_95.fasta', 84
'MAFFT_b0#0095_thT_tree_86_OP_2.838925193728116_Split_95.fasta', 84
'MAFFT_b0#0096_htH_tree_65_OP_2.4620754969260368_Split_96.fasta', 84
'MAFFT_b0#0096_htT_tree_65_OP_2.4620754969260368_Split_96.fasta', 84
'MAFFT_b0#0096_thT_tree_65_OP_2.4620754969260368_Split_96.fasta', 84
'MAFFT_b0#0096_ttH_tree_65_OP_2.4620754969260368_Split_96.fasta', 84
'MAFFT_b0#0098_htT_tree_85_OP_1.0876519560757543_Split_98.fasta', 84
'MAFFT_b0#0098_thH_tree_85_OP_1.0876519560757543_Split_98.fasta', 90
'MAFFT_b0#0098_thT_tree_85_OP_1.0876519560757543_Split_98.fasta', 90
'MAFFT_b0#0098_ttH_tree_85_OP_1.0876519560757543_Split_98.fasta', 84
'MAFFT_b0#0100_hhH_tree_84_OP_1.2747066014324073_Split_100.fasta', 84
'MAFFT_b0#0100_hhT_tree_84_OP_1.2747066014324073_Split_100.fasta', 84
'MAFFT_b0#0100_htH_tree_84_OP_1.2747066014324073_Split_100.fasta', 82
'MAFFT_b0#0100_thH_tree_84_OP_1.2747066014324073_Split_100.fasta', 84
'MAFFT_b0#0103_htH_tree_48_OP_2.7980377771908604_Split_103.fasta', 88
'MAFFT_b0#0103_htT_tree_48_OP_2.7980377771908604_Split_103.fasta', 88
'MAFFT_b0#0103_thH_tree_48_OP_2.7980377771908604_Split_103.fasta', 88
'MAFFT_b0#0103_ttT_tree_48_OP_2.7980377771908604_Split_103.fasta', 88
'MAFFT_b0#0105_hhT_tree_26_OP_1.957362545164327_Split_105.fasta', 82
'MAFFT_b0#0105_hhT_tree_95_OP_2.670624614307364_Split_105.fasta', 96
'MAFFT_b0#0105_htT_tree_26_OP_1.957362545164327_Split_105.fasta', 82
'MAFFT_b0#0105_htT_tree_95_OP_2.670624614307364_Split_105.fasta', 94
'MAFFT_b0#0105_thT_tree_26_OP_1.957362545164327_Split_105.fasta', 82
'MAFFT_b0#0105_ttH_tree_26_OP_1.957362545164327_Split_105.fasta', 82
'MAFFT_b0#0105_ttH_tree_95_OP_2.670624614307364_Split_105.fasta', 90
'MAFFT_b0#0105_ttT_tree_95_OP_2.670624614307364_Split_105.fasta', 90
'MAFFT_b0#0107_htT_tree_4_OP_2.0343728689026586_Split_107.fasta', 82
'MAFFT_b0#0107_thT_tree_4_OP_2.0343728689026586_Split_107.fasta', 82
'MAFFT_b0#0107_ttH_tree_4_OP_2.0343728689026586_Split_107.fasta', 82
'MAFFT_b0#0107_ttT_tree_4_OP_2.0343728689026586_Split_107.fasta', 82
'MAFFT_b0#0108_hhH_tree_31_OP_1.0372976153998443_Split_108.fasta', 86
'MAFFT_b0#0108_hhH_tree_77_OP_2.9245454346939663_Split_108.fasta', 94
'MAFFT_b0#0108_hhT_tree_77_OP_2.9245454346939663_Split_108.fasta', 94
'MAFFT_b0#0108_htH_tree_24_OP_1.2563447919918282_Split_108.fasta', 90
'MAFFT_b0#0108_htT_tree_31_OP_1.0372976153998443_Split_108.fasta', 84
'MAFFT_b0#0108_htT_tree_77_OP_2.9245454346939663_Split_108.fasta', 94
'MAFFT_b0#0108_thH_tree_24_OP_1.2563447919918282_Split_108.fasta', 86
'MAFFT_b0#0108_thT_tree_31_OP_1.0372976153998443_Split_108.fasta', 86
'MAFFT_b0#0108_ttH_tree_24_OP_1.2563447919918282_Split_108.fasta', 90
'MAFFT_b0#0108_ttT_tree_24_OP_1.2563447919918282_Split_108.fasta', 90
'MAFFT_b0#0108_ttT_tree_31_OP_1.0372976153998443_Split_108.fasta', 84
'MAFFT_b0#0108_ttT_tree_77_OP_2.9245454346939663_Split_108.fasta', 94
'MAFFT_b0#0109_htT_tree_88_OP_2.744574155858557_Split_109.fasta', 82
'MAFFT_b0#0109_thH_tree_88_OP_2.744574155858557_Split_109.fasta', 82
'MAFFT_b0#0109_thT_tree_88_OP_2.744574155858557_Split_109.fasta', 82
'MAFFT_b0#0109_ttT_tree_88_OP_2.744574155858557_Split_109.fasta', 82
'MAFFT_b0#0110_hhH_tree_80_OP_1.2430603525509658_Split_110.fasta', 86
'MAFFT_b0#0110_hhT_tree_80_OP_1.2430603525509658_Split_110.fasta', 86
'MAFFT_b0#0110_ttH_tree_80_OP_1.2430603525509658_Split_110.fasta', 86
'MAFFT_b0#0110_ttT_tree_80_OP_1.2430603525509658_Split_110.fasta', 86
'MAFFT_b0#0111_hhH_tree_81_OP_1.6732724263803218_Split_111.fasta', 84
'MAFFT_b0#0111_hhT_tree_81_OP_1.6732724263803218_Split_111.fasta', 84
'MAFFT_b0#0111_htH_tree_81_OP_1.6732724263803218_Split_111.fasta', 84
'MAFFT_b0#0111_htT_tree_81_OP_1.6732724263803218_Split_111.fasta', 84
'MAFFT_b0#0113_hhH_tree_51_OP_1.8220601360996602_Split_113.fasta', 90
'MAFFT_b0#0113_htH_tree_51_OP_1.8220601360996602_Split_113.fasta', 90
'MAFFT_b0#0113_htT_tree_51_OP_1.8220601360996602_Split_113.fasta', 90
'MAFFT_b0#0113_thH_tree_51_OP_1.8220601360996602_Split_113.fasta', 90
'MAFFT_b0#0114_hhT_tree_40_OP_1.9125230236480895_Split_114.fasta', 90
'MAFFT_b0#0114_htH_tree_40_OP_1.9125230236480895_Split_114.fasta', 90
'MAFFT_b0#0114_thH_tree_40_OP_1.9125230236480895_Split_114.fasta', 90
'MAFFT_b0#0114_ttT_tree_40_OP_1.9125230236480895_Split_114.fasta', 90
'MAFFT_b0#0116_hhH_tree_13_OP_1.1853513231387998_Split_116.fasta', 88
'MAFFT_b0#0116_hhT_tree_13_OP_1.1853513231387998_Split_116.fasta', 88
'MAFFT_b0#0116_thT_tree_13_OP_1.1853513231387998_Split_116.fasta', 88
'MAFFT_b0#0116_ttH_tree_13_OP_1.1853513231387998_Split_116.fasta', 88
'MAFFT_b0#0119_hhT_tree_64_OP_1.9061001954293297_Split_119.fasta', 92
'MAFFT_b0#0119_htH_tree_64_OP_1.9061001954293297_Split_119.fasta', 90
'MAFFT_b0#0119_htT_tree_64_OP_1.9061001954293297_Split_119.fasta', 90
'MAFFT_b0#0119_thH_tree_64_OP_1.9061001954293297_Split_119.fasta', 92
'MAFFT_b0#0121_hhH_tree_21_OP_2.1636053370686796_Split_121.fasta', 88
'MAFFT_b0#0121_htH_tree_21_OP_2.1636053370686796_Split_121.fasta', 88
'MAFFT_b0#0121_htT_tree_21_OP_2.1636053370686796_Split_121.fasta', 88
'MAFFT_b0#0121_thT_tree_21_OP_2.1636053370686796_Split_121.fasta', 86
'MAFFT_b0#0122_hhT_tree_94_OP_1.4245501758202603_Split_122.fasta', 86
'MAFFT_b0#0122_htH_tree_94_OP_1.4245501758202603_Split_122.fasta', 86
'MAFFT_b0#0122_htT_tree_94_OP_1.4245501758202603_Split_122.fasta', 86
'MAFFT_b0#0122_ttH_tree_94_OP_1.4245501758202603_Split_122.fasta', 86
'MAFFT_b0#0123_hhT_tree_90_OP_1.153374992031902_Split_123.fasta', 90
'MAFFT_b0#0123_htT_tree_90_OP_1.153374992031902_Split_123.fasta', 92
'MAFFT_b0#0123_thT_tree_90_OP_1.153374992031902_Split_123.fasta', 90
'MAFFT_b0#0123_ttH_tree_90_OP_1.153374992031902_Split_123.fasta', 92
'MAFFT_b0#0127_hhH_tree_30_OP_1.2515734850881262_Split_127.fasta', 90
'MAFFT_b0#0127_hhT_tree_30_OP_1.2515734850881262_Split_127.fasta', 90
'MAFFT_b0#0127_htH_tree_30_OP_1.2515734850881262_Split_127.fasta', 92
'MAFFT_b0#0127_thT_tree_30_OP_1.2515734850881262_Split_127.fasta', 90
'MAFFT_b0#0129_hhH_tree_10_OP_2.069340713645537_Split_129.fasta', 78
'MAFFT_b0#0129_htH_tree_10_OP_2.069340713645537_Split_129.fasta', 80
'MAFFT_b0#0129_htT_tree_10_OP_2.069340713645537_Split_129.fasta', 80
'MAFFT_b0#0129_thT_tree_10_OP_2.069340713645537_Split_129.fasta', 78
'MAFFT_b0#0133_hhT_tree_32_OP_1.394625831819448_Split_133.fasta', 90
'MAFFT_b0#0133_htH_tree_32_OP_1.394625831819448_Split_133.fasta', 90
'MAFFT_b0#0133_htT_tree_32_OP_1.394625831819448_Split_133.fasta', 90
'MAFFT_b0#0133_thT_tree_32_OP_1.394625831819448_Split_133.fasta', 90
'MAFFT_b0#0134_hhH_tree_73_OP_2.1226526490243662_Split_134.fasta', 92
'MAFFT_b0#0134_thT_tree_73_OP_2.1226526490243662_Split_134.fasta', 92
'MAFFT_b0#0134_ttH_tree_73_OP_2.1226526490243662_Split_134.fasta', 94
'MAFFT_b0#0134_ttT_tree_73_OP_2.1226526490243662_Split_134.fasta', 94
'MAFFT_b0#0136_hhH_tree_18_OP_1.6412028835688572_Split_136.fasta', 82
'MAFFT_b0#0136_hhH_tree_63_OP_2.4574448685772787_Split_136.fasta', 84
'MAFFT_b0#0136_htT_tree_18_OP_1.6412028835688572_Split_136.fasta', 82
'MAFFT_b0#0136_htT_tree_63_OP_2.4574448685772787_Split_136.fasta', 84
'MAFFT_b0#0136_thH_tree_63_OP_2.4574448685772787_Split_136.fasta', 88
'MAFFT_b0#0136_thT_tree_18_OP_1.6412028835688572_Split_136.fasta', 84
'MAFFT_b0#0136_thT_tree_63_OP_2.4574448685772787_Split_136.fasta', 88
'MAFFT_b0#0136_ttT_tree_18_OP_1.6412028835688572_Split_136.fasta', 84
'MAFFT_b1#0002_hhH_tree_15_OP_2.087727372490158_Split_2.fasta', 82
'MAFFT_b1#0002_hhT_tree_15_OP_2.087727372490158_Split_2.fasta', 82
'MAFFT_b1#0002_htH_tree_15_OP_2.087727372490158_Split_2.fasta', 82
'MAFFT_b1#0002_htT_tree_15_OP_2.087727372490158_Split_2.fasta', 82
'MAFFT_b1#0003_hhH_tree_6_OP_2.239188896515518_Split_3.fasta', 92
'MAFFT_b1#0003_hhT_tree_6_OP_2.239188896515518_Split_3.fasta', 92
'MAFFT_b1#0003_htH_tree_6_OP_2.239188896515518_Split_3.fasta', 88
'MAFFT_b1#0003_htT_tree_6_OP_2.239188896515518_Split_3.fasta', 88
'MAFFT_b1#0007_hhH_tree_33_OP_2.3946452743037674_Split_7.fasta', 96
'MAFFT_b1#0007_hhH_tree_36_OP_2.1446400488559805_Split_7.fasta', 82
'MAFFT_b1#0007_hhT_tree_33_OP_2.3946452743037674_Split_7.fasta', 96
'MAFFT_b1#0007_hhT_tree_36_OP_2.1446400488559805_Split_7.fasta', 82
'MAFFT_b1#0007_htH_tree_33_OP_2.3946452743037674_Split_7.fasta', 88
'MAFFT_b1#0007_htH_tree_36_OP_2.1446400488559805_Split_7.fasta', 92
'MAFFT_b1#0007_htT_tree_33_OP_2.3946452743037674_Split_7.fasta', 88
'MAFFT_b1#0007_htT_tree_36_OP_2.1446400488559805_Split_7.fasta', 92
'MAFFT_b1#0009_hhH_tree_66_OP_1.2811312595443396_Split_9.fasta', 82
'MAFFT_b1#0009_hhT_tree_66_OP_1.2811312595443396_Split_9.fasta', 82
'MAFFT_b1#0009_htH_tree_66_OP_1.2811312595443396_Split_9.fasta', 84
'MAFFT_b1#0009_htT_tree_66_OP_1.2811312595443396_Split_9.fasta', 84
'MAFFT_b1#0011_hhH_tree_43_OP_2.0711252991315146_Split_11.fasta', 88
'MAFFT_b1#0011_hhT_tree_43_OP_2.0711252991315146_Split_11.fasta', 88
'MAFFT_b1#0011_htH_tree_43_OP_2.0711252991315146_Split_11.fasta', 90
'MAFFT_b1#0011_htT_tree_43_OP_2.0711252991315146_Split_11.fasta', 90
'MAFFT_b1#0013_hhH_tree_12_OP_2.001688119411461_Split_13.fasta', 92
'MAFFT_b1#0013_hhT_tree_12_OP_2.001688119411461_Split_13.fasta', 92
'MAFFT_b1#0013_htH_tree_12_OP_2.001688119411461_Split_13.fasta', 88
'MAFFT_b1#0013_htT_tree_12_OP_2.001688119411461_Split_13.fasta', 88
'MAFFT_b1#0014_hhH_tree_22_OP_1.8978074920611192_Split_14.fasta', 92
'MAFFT_b1#0014_hhH_tree_75_OP_1.6806378767143357_Split_14.fasta', 80
'MAFFT_b1#0014_hhT_tree_22_OP_1.8978074920611192_Split_14.fasta', 92
'MAFFT_b1#0014_hhT_tree_75_OP_1.6806378767143357_Split_14.fasta', 80
'MAFFT_b1#0014_htH_tree_22_OP_1.8978074920611192_Split_14.fasta', 92
'MAFFT_b1#0014_htH_tree_75_OP_1.6806378767143357_Split_14.fasta', 80
'MAFFT_b1#0014_htT_tree_22_OP_1.8978074920611192_Split_14.fasta', 92
'MAFFT_b1#0014_htT_tree_75_OP_1.6806378767143357_Split_14.fasta', 80
'MAFFT_b1#0015_hhH_tree_99_OP_1.9515729402087414_Split_15.fasta', 96
'MAFFT_b1#0015_hhT_tree_99_OP_1.9515729402087414_Split_15.fasta', 96
'MAFFT_b1#0015_htH_tree_99_OP_1.9515729402087414_Split_15.fasta', 92
'MAFFT_b1#0015_htT_tree_99_OP_1.9515729402087414_Split_15.fasta', 92
'MAFFT_b1#0016_hhH_tree_16_OP_1.6140779433426575_Split_16.fasta', 76
'MAFFT_b1#0016_hhT_tree_16_OP_1.6140779433426575_Split_16.fasta', 76
'MAFFT_b1#0016_htH_tree_16_OP_1.6140779433426575_Split_16.fasta', 82
'MAFFT_b1#0016_htT_tree_16_OP_1.6140779433426575_Split_16.fasta', 82
'MAFFT_b1#0019_hhH_tree_92_OP_1.2191485009213157_Split_19.fasta', 90
'MAFFT_b1#0019_hhT_tree_92_OP_1.2191485009213157_Split_19.fasta', 90
'MAFFT_b1#0019_htH_tree_92_OP_1.2191485009213157_Split_19.fasta', 88
'MAFFT_b1#0019_htT_tree_92_OP_1.2191485009213157_Split_19.fasta', 88
'MAFFT_b1#0020_hhH_tree_38_OP_1.4343856216399835_Split_20.fasta', 90
'MAFFT_b1#0020_hhH_tree_69_OP_1.4368871816738984_Split_20.fasta', 92
'MAFFT_b1#0020_hhT_tree_38_OP_1.4343856216399835_Split_20.fasta', 90
'MAFFT_b1#0020_hhT_tree_69_OP_1.4368871816738984_Split_20.fasta', 92
'MAFFT_b1#0020_htH_tree_38_OP_1.4343856216399835_Split_20.fasta', 90
'MAFFT_b1#0020_htH_tree_69_OP_1.4368871816738984_Split_20.fasta', 92
'MAFFT_b1#0020_htT_tree_38_OP_1.4343856216399835_Split_20.fasta', 90
'MAFFT_b1#0020_htT_tree_69_OP_1.4368871816738984_Split_20.fasta', 92
'MAFFT_b1#0025_hhH_tree_1_OP_2.1293333382956448_Split_25.fasta', 82
'MAFFT_b1#0025_hhH_tree_53_OP_2.653717388362929_Split_25.fasta', 84
'MAFFT_b1#0025_hhT_tree_1_OP_2.1293333382956448_Split_25.fasta', 82
'MAFFT_b1#0025_hhT_tree_53_OP_2.653717388362929_Split_25.fasta', 84
'MAFFT_b1#0025_htH_tree_1_OP_2.1293333382956448_Split_25.fasta', 84
'MAFFT_b1#0025_htH_tree_53_OP_2.653717388362929_Split_25.fasta', 84
'MAFFT_b1#0025_htT_tree_1_OP_2.1293333382956448_Split_25.fasta', 84
'MAFFT_b1#0025_htT_tree_53_OP_2.653717388362929_Split_25.fasta', 84
'MAFFT_b1#0027_hhH_tree_71_OP_2.576092119557198_Split_27.fasta', 90
'MAFFT_b1#0027_hhH_tree_97_OP_2.0797767783471546_Split_27.fasta', 88
'MAFFT_b1#0027_hhT_tree_71_OP_2.576092119557198_Split_27.fasta', 90
'MAFFT_b1#0027_hhT_tree_97_OP_2.0797767783471546_Split_27.fasta', 88
'MAFFT_b1#0027_htH_tree_71_OP_2.576092119557198_Split_27.fasta', 94
'MAFFT_b1#0027_htH_tree_97_OP_2.0797767783471546_Split_27.fasta', 88
'MAFFT_b1#0027_htT_tree_71_OP_2.576092119557198_Split_27.fasta', 94
'MAFFT_b1#0027_htT_tree_97_OP_2.0797767783471546_Split_27.fasta', 88
'MAFFT_b1#0031_hhH_tree_17_OP_2.0804423576913704_Split_31.fasta', 90
'MAFFT_b1#0031_hhT_tree_17_OP_2.0804423576913704_Split_31.fasta', 90
'MAFFT_b1#0031_htH_tree_17_OP_2.0804423576913704_Split_31.fasta', 90
'MAFFT_b1#0031_htT_tree_17_OP_2.0804423576913704_Split_31.fasta', 90
'MAFFT_b1#0032_hhH_tree_14_OP_1.1212402430377564_Split_32.fasta', 86
'MAFFT_b1#0032_hhT_tree_14_OP_1.1212402430377564_Split_32.fasta', 86
'MAFFT_b1#0032_htH_tree_14_OP_1.1212402430377564_Split_32.fasta', 88
'MAFFT_b1#0032_htT_tree_14_OP_1.1212402430377564_Split_32.fasta', 88
'MAFFT_b1#0033_hhH_tree_23_OP_2.8095393482122226_Split_33.fasta', 80
'MAFFT_b1#0033_hhT_tree_23_OP_2.8095393482122226_Split_33.fasta', 80
'MAFFT_b1#0033_htH_tree_23_OP_2.8095393482122226_Split_33.fasta', 82
'MAFFT_b1#0033_htT_tree_23_OP_2.8095393482122226_Split_33.fasta', 82
'MAFFT_b1#0035_hhH_tree_29_OP_2.9056775789560643_Split_35.fasta', 86
'MAFFT_b1#0035_hhT_tree_29_OP_2.9056775789560643_Split_35.fasta', 86
'MAFFT_b1#0035_htH_tree_29_OP_2.9056775789560643_Split_35.fasta', 88
'MAFFT_b1#0035_htT_tree_29_OP_2.9056775789560643_Split_35.fasta', 88
'MAFFT_b1#0037_hhH_tree_34_OP_2.1858321729487624_Split_37.fasta', 84
'MAFFT_b1#0037_hhH_tree_7_OP_1.2841848496398856_Split_37.fasta', 92
'MAFFT_b1#0037_hhT_tree_34_OP_2.1858321729487624_Split_37.fasta', 84
'MAFFT_b1#0037_hhT_tree_7_OP_1.2841848496398856_Split_37.fasta', 92
'MAFFT_b1#0037_htH_tree_34_OP_2.1858321729487624_Split_37.fasta', 86
'MAFFT_b1#0037_htH_tree_7_OP_1.2841848496398856_Split_37.fasta', 90
'MAFFT_b1#0037_htT_tree_34_OP_2.1858321729487624_Split_37.fasta', 86
'MAFFT_b1#0037_htT_tree_7_OP_1.2841848496398856_Split_37.fasta', 90
'MAFFT_b1#0039_hhH_tree_37_OP_1.6922658322608612_Split_39.fasta', 90
'MAFFT_b1#0039_hhT_tree_37_OP_1.6922658322608612_Split_39.fasta', 90
'MAFFT_b1#0039_htH_tree_37_OP_1.6922658322608612_Split_39.fasta', 88
'MAFFT_b1#0039_htT_tree_37_OP_1.6922658322608612_Split_39.fasta', 88
'MAFFT_b1#0040_hhH_tree_35_OP_1.0145149247555216_Split_40.fasta', 88
'MAFFT_b1#0040_hhH_tree_58_OP_2.1317534516953884_Split_40.fasta', 90
'MAFFT_b1#0040_hhT_tree_35_OP_1.0145149247555216_Split_40.fasta', 88
'MAFFT_b1#0040_hhT_tree_58_OP_2.1317534516953884_Split_40.fasta', 90
'MAFFT_b1#0040_htH_tree_35_OP_1.0145149247555216_Split_40.fasta', 78
'MAFFT_b1#0040_htH_tree_58_OP_2.1317534516953884_Split_40.fasta', 92
'MAFFT_b1#0040_htT_tree_35_OP_1.0145149247555216_Split_40.fasta', 78
'MAFFT_b1#0040_htT_tree_58_OP_2.1317534516953884_Split_40.fasta', 92
'MAFFT_b1#0042_hhH_tree_41_OP_2.5147928507965345_Split_42.fasta', 88
'MAFFT_b1#0042_hhH_tree_5_OP_1.2092921892930137_Split_42.fasta', 88
'MAFFT_b1#0042_hhT_tree_41_OP_2.5147928507965345_Split_42.fasta', 88
'MAFFT_b1#0042_hhT_tree_5_OP_1.2092921892930137_Split_42.fasta', 88
'MAFFT_b1#0042_htH_tree_41_OP_2.5147928507965345_Split_42.fasta', 90
'MAFFT_b1#0042_htH_tree_5_OP_1.2092921892930137_Split_42.fasta', 86
'MAFFT_b1#0042_htT_tree_41_OP_2.5147928507965345_Split_42.fasta', 90
'MAFFT_b1#0042_htT_tree_5_OP_1.2092921892930137_Split_42.fasta', 86
'MAFFT_b1#0045_hhH_tree_49_OP_1.862318045912353_Split_45.fasta', 80
'MAFFT_b1#0045_hhT_tree_49_OP_1.862318045912353_Split_45.fasta', 80
'MAFFT_b1#0045_htH_tree_49_OP_1.862318045912353_Split_45.fasta', 78
'MAFFT_b1#0045_htT_tree_49_OP_1.862318045912353_Split_45.fasta', 78
'MAFFT_b1#0047_hhH_tree_56_OP_1.846126415612828_Split_47.fasta', 90
'MAFFT_b1#0047_hhT_tree_56_OP_1.846126415612828_Split_47.fasta', 90
'MAFFT_b1#0047_htH_tree_56_OP_1.846126415612828_Split_47.fasta', 88
'MAFFT_b1#0047_htT_tree_56_OP_1.846126415612828_Split_47.fasta', 88
'MAFFT_b1#0049_hhH_tree_47_OP_1.15048819586282_Split_49.fasta', 84
'MAFFT_b1#0049_hhH_tree_68_OP_2.580684564304555_Split_49.fasta', 88
'MAFFT_b1#0049_hhT_tree_47_OP_1.15048819586282_Split_49.fasta', 84
'MAFFT_b1#0049_hhT_tree_68_OP_2.580684564304555_Split_49.fasta', 88
'MAFFT_b1#0049_htH_tree_47_OP_1.15048819586282_Split_49.fasta', 82
'MAFFT_b1#0049_htH_tree_68_OP_2.580684564304555_Split_49.fasta', 90
'MAFFT_b1#0049_htT_tree_47_OP_1.15048819586282_Split_49.fasta', 82
'MAFFT_b1#0049_htT_tree_68_OP_2.580684564304555_Split_49.fasta', 90
'MAFFT_b1#0052_hhH_tree_0_OP_2.430564512096987_Split_52.fasta', 90
'MAFFT_b1#0052_hhH_tree_98_OP_2.706650408711409_Split_52.fasta', 90
'MAFFT_b1#0052_hhT_tree_0_OP_2.430564512096987_Split_52.fasta', 90
'MAFFT_b1#0052_hhT_tree_98_OP_2.706650408711409_Split_52.fasta', 90
'MAFFT_b1#0052_htH_tree_0_OP_2.430564512096987_Split_52.fasta', 90
'MAFFT_b1#0052_htH_tree_98_OP_2.706650408711409_Split_52.fasta', 78
'MAFFT_b1#0052_htT_tree_0_OP_2.430564512096987_Split_52.fasta', 90
'MAFFT_b1#0052_htT_tree_98_OP_2.706650408711409_Split_52.fasta', 78
'MAFFT_b1#0053_hhH_tree_59_OP_2.5907616833144225_Split_53.fasta', 96
'MAFFT_b1#0053_hhT_tree_59_OP_2.5907616833144225_Split_53.fasta', 96
'MAFFT_b1#0053_htH_tree_59_OP_2.5907616833144225_Split_53.fasta', 94
'MAFFT_b1#0053_htT_tree_59_OP_2.5907616833144225_Split_53.fasta', 94
'MAFFT_b1#0054_hhH_tree_50_OP_1.4314281006893206_Split_54.fasta', 82
'MAFFT_b1#0054_hhH_tree_67_OP_2.2628141929704384_Split_54.fasta', 92
'MAFFT_b1#0054_hhT_tree_50_OP_1.4314281006893206_Split_54.fasta', 82
'MAFFT_b1#0054_hhT_tree_67_OP_2.2628141929704384_Split_54.fasta', 92
'MAFFT_b1#0054_htH_tree_50_OP_1.4314281006893206_Split_54.fasta', 84
'MAFFT_b1#0054_htH_tree_67_OP_2.2628141929704384_Split_54.fasta', 92
'MAFFT_b1#0054_htT_tree_50_OP_1.4314281006893206_Split_54.fasta', 84
'MAFFT_b1#0054_htT_tree_67_OP_2.2628141929704384_Split_54.fasta', 92
'MAFFT_b1#0055_hhH_tree_54_OP_1.8294071409461166_Split_55.fasta', 82
'MAFFT_b1#0055_hhH_tree_70_OP_2.160745603480274_Split_55.fasta', 90
'MAFFT_b1#0055_hhT_tree_54_OP_1.8294071409461166_Split_55.fasta', 82
'MAFFT_b1#0055_hhT_tree_70_OP_2.160745603480274_Split_55.fasta', 90
'MAFFT_b1#0055_htH_tree_54_OP_1.8294071409461166_Split_55.fasta', 86
'MAFFT_b1#0055_htH_tree_70_OP_2.160745603480274_Split_55.fasta', 90
'MAFFT_b1#0055_htT_tree_54_OP_1.8294071409461166_Split_55.fasta', 86
'MAFFT_b1#0055_htT_tree_70_OP_2.160745603480274_Split_55.fasta', 90
'MAFFT_b1#0056_hhH_tree_25_OP_1.4474587949887363_Split_56.fasta', 90
'MAFFT_b1#0056_hhT_tree_25_OP_1.4474587949887363_Split_56.fasta', 90
'MAFFT_b1#0056_htH_tree_25_OP_1.4474587949887363_Split_56.fasta', 88
'MAFFT_b1#0056_htT_tree_25_OP_1.4474587949887363_Split_56.fasta', 88
'MAFFT_b1#0057_hhH_tree_91_OP_1.1687397125272698_Split_57.fasta', 88
'MAFFT_b1#0057_hhT_tree_91_OP_1.1687397125272698_Split_57.fasta', 88
'MAFFT_b1#0057_htH_tree_91_OP_1.1687397125272698_Split_57.fasta', 84
'MAFFT_b1#0057_htT_tree_91_OP_1.1687397125272698_Split_57.fasta', 84
'MAFFT_b1#0058_hhH_tree_93_OP_1.9635255889586014_Split_58.fasta', 82
'MAFFT_b1#0058_hhT_tree_93_OP_1.9635255889586014_Split_58.fasta', 82
'MAFFT_b1#0058_htH_tree_93_OP_1.9635255889586014_Split_58.fasta', 88
'MAFFT_b1#0058_htT_tree_93_OP_1.9635255889586014_Split_58.fasta', 88
'MAFFT_b1#0061_hhH_tree_19_OP_2.086025278277926_Split_61.fasta', 88
'MAFFT_b1#0061_hhH_tree_3_OP_2.3303660621034012_Split_61.fasta', 92
'MAFFT_b1#0061_hhH_tree_45_OP_2.450502530351305_Split_61.fasta', 90
'MAFFT_b1#0061_hhH_tree_87_OP_2.138081629728955_Split_61.fasta', 88
'MAFFT_b1#0061_hhT_tree_19_OP_2.086025278277926_Split_61.fasta', 88
'MAFFT_b1#0061_hhT_tree_3_OP_2.3303660621034012_Split_61.fasta', 92
'MAFFT_b1#0061_hhT_tree_45_OP_2.450502530351305_Split_61.fasta', 90
'MAFFT_b1#0061_hhT_tree_87_OP_2.138081629728955_Split_61.fasta', 88
'MAFFT_b1#0061_htH_tree_19_OP_2.086025278277926_Split_61.fasta', 88
'MAFFT_b1#0061_htH_tree_3_OP_2.3303660621034012_Split_61.fasta', 92
'MAFFT_b1#0061_htH_tree_45_OP_2.450502530351305_Split_61.fasta', 90
'MAFFT_b1#0061_htH_tree_87_OP_2.138081629728955_Split_61.fasta', 84
'MAFFT_b1#0061_htT_tree_19_OP_2.086025278277926_Split_61.fasta', 88
'MAFFT_b1#0061_htT_tree_3_OP_2.3303660621034012_Split_61.fasta', 92
'MAFFT_b1#0061_htT_tree_45_OP_2.450502530351305_Split_61.fasta', 90
'MAFFT_b1#0061_htT_tree_87_OP_2.138081629728955_Split_61.fasta', 84
'MAFFT_b1#0062_hhH_tree_55_OP_2.981723484578797_Split_62.fasta', 90
'MAFFT_b1#0062_hhT_tree_55_OP_2.981723484578797_Split_62.fasta', 90
'MAFFT_b1#0062_htH_tree_55_OP_2.981723484578797_Split_62.fasta', 88
'MAFFT_b1#0062_htT_tree_55_OP_2.981723484578797_Split_62.fasta', 88
'MAFFT_b1#0065_hhH_tree_8_OP_2.675007884014506_Split_65.fasta', 88
'MAFFT_b1#0065_hhT_tree_8_OP_2.675007884014506_Split_65.fasta', 88
'MAFFT_b1#0065_htH_tree_8_OP_2.675007884014506_Split_65.fasta', 86
'MAFFT_b1#0065_htT_tree_8_OP_2.675007884014506_Split_65.fasta', 86
'MAFFT_b1#0067_hhH_tree_61_OP_2.4621083212934276_Split_67.fasta', 92
'MAFFT_b1#0067_hhT_tree_61_OP_2.4621083212934276_Split_67.fasta', 92
'MAFFT_b1#0067_htH_tree_61_OP_2.4621083212934276_Split_67.fasta', 94
'MAFFT_b1#0067_htT_tree_61_OP_2.4621083212934276_Split_67.fasta', 94
'MSA.BALIPHY.aln.best.126014.fas', 86
'MSA.MAFFT.aln.With_Names', 78
'MSA.MUSCLE.aln.best.126014.fas', 86
'MSA.PRANK.aln.With_Names', 88
'MUSCLE_diversified_replicate.abc.1.afa', 88
'MUSCLE_diversified_replicate.abc.101.afa', 86
'MUSCLE_diversified_replicate.abc.105.afa', 90
'MUSCLE_diversified_replicate.abc.109.afa', 86
'MUSCLE_diversified_replicate.abc.113.afa', 84
'MUSCLE_diversified_replicate.abc.117.afa', 92
'MUSCLE_diversified_replicate.abc.121.afa', 90
'MUSCLE_diversified_replicate.abc.125.afa', 84
'MUSCLE_diversified_replicate.abc.129.afa', 86
'MUSCLE_diversified_replicate.abc.13.afa', 96
'MUSCLE_diversified_replicate.abc.133.afa', 86
'MUSCLE_diversified_replicate.abc.137.afa', 88
'MUSCLE_diversified_replicate.abc.141.afa', 84
'MUSCLE_diversified_replicate.abc.145.afa', 90
'MUSCLE_diversified_replicate.abc.149.afa', 88
'MUSCLE_diversified_replicate.abc.153.afa', 88
'MUSCLE_diversified_replicate.abc.157.afa', 86
'MUSCLE_diversified_replicate.abc.161.afa', 88
'MUSCLE_diversified_replicate.abc.165.afa', 96
'MUSCLE_diversified_replicate.abc.169.afa', 90
'MUSCLE_diversified_replicate.abc.17.afa', 88
'MUSCLE_diversified_replicate.abc.173.afa', 88
'MUSCLE_diversified_replicate.abc.177.afa', 86
'MUSCLE_diversified_replicate.abc.181.afa', 92
'MUSCLE_diversified_replicate.abc.185.afa', 94
'MUSCLE_diversified_replicate.abc.189.afa', 90
'MUSCLE_diversified_replicate.abc.193.afa', 96
'MUSCLE_diversified_replicate.abc.197.afa', 82
'MUSCLE_diversified_replicate.abc.201.afa', 88
'MUSCLE_diversified_replicate.abc.205.afa', 90
'MUSCLE_diversified_replicate.abc.209.afa', 90
'MUSCLE_diversified_replicate.abc.21.afa', 86
'MUSCLE_diversified_replicate.abc.213.afa', 88
'MUSCLE_diversified_replicate.abc.217.afa', 88
'MUSCLE_diversified_replicate.abc.221.afa', 92
'MUSCLE_diversified_replicate.abc.225.afa', 92
'MUSCLE_diversified_replicate.abc.229.afa', 94
'MUSCLE_diversified_replicate.abc.233.afa', 94
'MUSCLE_diversified_replicate.abc.237.afa', 88
'MUSCLE_diversified_replicate.abc.241.afa', 92
'MUSCLE_diversified_replicate.abc.245.afa', 92
'MUSCLE_diversified_replicate.abc.249.afa', 94
'MUSCLE_diversified_replicate.abc.25.afa', 94
'MUSCLE_diversified_replicate.abc.253.afa', 88
'MUSCLE_diversified_replicate.abc.257.afa', 88
'MUSCLE_diversified_replicate.abc.261.afa', 92
'MUSCLE_diversified_replicate.abc.265.afa', 84
'MUSCLE_diversified_replicate.abc.269.afa', 88
'MUSCLE_diversified_replicate.abc.273.afa', 94
'MUSCLE_diversified_replicate.abc.277.afa', 94
'MUSCLE_diversified_replicate.abc.281.afa', 90
'MUSCLE_diversified_replicate.abc.285.afa', 82
'MUSCLE_diversified_replicate.abc.289.afa', 86
'MUSCLE_diversified_replicate.abc.29.afa', 90
'MUSCLE_diversified_replicate.abc.293.afa', 86
'MUSCLE_diversified_replicate.abc.297.afa', 86
'MUSCLE_diversified_replicate.abc.301.afa', 92
'MUSCLE_diversified_replicate.abc.305.afa', 94
'MUSCLE_diversified_replicate.abc.309.afa', 88
'MUSCLE_diversified_replicate.abc.313.afa', 88
'MUSCLE_diversified_replicate.abc.317.afa', 84
'MUSCLE_diversified_replicate.abc.321.afa', 92
'MUSCLE_diversified_replicate.abc.325.afa', 90
'MUSCLE_diversified_replicate.abc.329.afa', 92
'MUSCLE_diversified_replicate.abc.33.afa', 92
'MUSCLE_diversified_replicate.abc.333.afa', 88
'MUSCLE_diversified_replicate.abc.337.afa', 96
'MUSCLE_diversified_replicate.abc.341.afa', 90
'MUSCLE_diversified_replicate.abc.345.afa', 86
'MUSCLE_diversified_replicate.abc.349.afa', 90
'MUSCLE_diversified_replicate.abc.353.afa', 88
'MUSCLE_diversified_replicate.abc.357.afa', 96
'MUSCLE_diversified_replicate.abc.361.afa', 92
'MUSCLE_diversified_replicate.abc.365.afa', 90
'MUSCLE_diversified_replicate.abc.369.afa', 86
'MUSCLE_diversified_replicate.abc.37.afa', 90
'MUSCLE_diversified_replicate.abc.373.afa', 86
'MUSCLE_diversified_replicate.abc.377.afa', 86
'MUSCLE_diversified_replicate.abc.381.afa', 88
'MUSCLE_diversified_replicate.abc.385.afa', 90
'MUSCLE_diversified_replicate.abc.389.afa', 82
'MUSCLE_diversified_replicate.abc.393.afa', 90
'MUSCLE_diversified_replicate.abc.397.afa', 90
'MUSCLE_diversified_replicate.abc.41.afa', 90
'MUSCLE_diversified_replicate.abc.45.afa', 90
'MUSCLE_diversified_replicate.abc.49.afa', 86
'MUSCLE_diversified_replicate.abc.5.afa', 92
'MUSCLE_diversified_replicate.abc.53.afa', 90
'MUSCLE_diversified_replicate.abc.57.afa', 98
'MUSCLE_diversified_replicate.abc.61.afa', 90
'MUSCLE_diversified_replicate.abc.65.afa', 86
'MUSCLE_diversified_replicate.abc.69.afa', 86
'MUSCLE_diversified_replicate.abc.73.afa', 94
'MUSCLE_diversified_replicate.abc.77.afa', 94
'MUSCLE_diversified_replicate.abc.81.afa', 96
'MUSCLE_diversified_replicate.abc.85.afa', 86
'MUSCLE_diversified_replicate.abc.89.afa', 90
'MUSCLE_diversified_replicate.abc.9.afa', 94
'MUSCLE_diversified_replicate.abc.93.afa', 90
'MUSCLE_diversified_replicate.abc.97.afa', 92
'MUSCLE_diversified_replicate.acb.10.afa', 98
'MUSCLE_diversified_replicate.acb.102.afa', 92
'MUSCLE_diversified_replicate.acb.106.afa', 92
'MUSCLE_diversified_replicate.acb.110.afa', 90
'MUSCLE_diversified_replicate.acb.114.afa', 90
'MUSCLE_diversified_replicate.acb.118.afa', 92
'MUSCLE_diversified_replicate.acb.122.afa', 90
'MUSCLE_diversified_replicate.acb.126.afa', 90
'MUSCLE_diversified_replicate.acb.130.afa', 86
'MUSCLE_diversified_replicate.acb.134.afa', 86
'MUSCLE_diversified_replicate.acb.138.afa', 90
'MUSCLE_diversified_replicate.acb.14.afa', 90
'MUSCLE_diversified_replicate.acb.142.afa', 88
'MUSCLE_diversified_replicate.acb.146.afa', 92
'MUSCLE_diversified_replicate.acb.150.afa', 94
'MUSCLE_diversified_replicate.acb.154.afa', 84
'MUSCLE_diversified_replicate.acb.158.afa', 84
'MUSCLE_diversified_replicate.acb.162.afa', 84
'MUSCLE_diversified_replicate.acb.166.afa', 84
'MUSCLE_diversified_replicate.acb.170.afa', 88
'MUSCLE_diversified_replicate.acb.174.afa', 84
'MUSCLE_diversified_replicate.acb.178.afa', 94
'MUSCLE_diversified_replicate.acb.18.afa', 88
'MUSCLE_diversified_replicate.acb.182.afa', 94
'MUSCLE_diversified_replicate.acb.186.afa', 92
'MUSCLE_diversified_replicate.acb.190.afa', 94
'MUSCLE_diversified_replicate.acb.194.afa', 88
'MUSCLE_diversified_replicate.acb.198.afa', 86
'MUSCLE_diversified_replicate.acb.2.afa', 90
'MUSCLE_diversified_replicate.acb.202.afa', 92
'MUSCLE_diversified_replicate.acb.206.afa', 92
'MUSCLE_diversified_replicate.acb.210.afa', 90
'MUSCLE_diversified_replicate.acb.214.afa', 90
'MUSCLE_diversified_replicate.acb.218.afa', 84
'MUSCLE_diversified_replicate.acb.22.afa', 84
'MUSCLE_diversified_replicate.acb.222.afa', 86
'MUSCLE_diversified_replicate.acb.226.afa', 90
'MUSCLE_diversified_replicate.acb.230.afa', 86
'MUSCLE_diversified_replicate.acb.234.afa', 94
'MUSCLE_diversified_replicate.acb.238.afa', 84
'MUSCLE_diversified_replicate.acb.242.afa', 88
'MUSCLE_diversified_replicate.acb.246.afa', 92
'MUSCLE_diversified_replicate.acb.250.afa', 84
'MUSCLE_diversified_replicate.acb.254.afa', 96
'MUSCLE_diversified_replicate.acb.258.afa', 88
'MUSCLE_diversified_replicate.acb.26.afa', 92
'MUSCLE_diversified_replicate.acb.262.afa', 96
'MUSCLE_diversified_replicate.acb.266.afa', 92
'MUSCLE_diversified_replicate.acb.270.afa', 88
'MUSCLE_diversified_replicate.acb.274.afa', 94
'MUSCLE_diversified_replicate.acb.278.afa', 96
'MUSCLE_diversified_replicate.acb.282.afa', 90
'MUSCLE_diversified_replicate.acb.286.afa', 88
'MUSCLE_diversified_replicate.acb.290.afa', 92
'MUSCLE_diversified_replicate.acb.294.afa', 88
'MUSCLE_diversified_replicate.acb.298.afa', 90
'MUSCLE_diversified_replicate.acb.30.afa', 82
'MUSCLE_diversified_replicate.acb.302.afa', 94
'MUSCLE_diversified_replicate.acb.306.afa', 88
'MUSCLE_diversified_replicate.acb.310.afa', 92
'MUSCLE_diversified_replicate.acb.314.afa', 90
'MUSCLE_diversified_replicate.acb.318.afa', 90
'MUSCLE_diversified_replicate.acb.322.afa', 88
'MUSCLE_diversified_replicate.acb.326.afa', 94
'MUSCLE_diversified_replicate.acb.330.afa', 86
'MUSCLE_diversified_replicate.acb.334.afa', 98
'MUSCLE_diversified_replicate.acb.338.afa', 84
'MUSCLE_diversified_replicate.acb.34.afa', 92
'MUSCLE_diversified_replicate.acb.342.afa', 94
'MUSCLE_diversified_replicate.acb.346.afa', 86
'MUSCLE_diversified_replicate.acb.350.afa', 92
'MUSCLE_diversified_replicate.acb.354.afa', 92
'MUSCLE_diversified_replicate.acb.358.afa', 90
'MUSCLE_diversified_replicate.acb.362.afa', 84
'MUSCLE_diversified_replicate.acb.366.afa', 88
'MUSCLE_diversified_replicate.acb.370.afa', 92
'MUSCLE_diversified_replicate.acb.374.afa', 88
'MUSCLE_diversified_replicate.acb.378.afa', 88
'MUSCLE_diversified_replicate.acb.38.afa', 92
'MUSCLE_diversified_replicate.acb.382.afa', 90
'MUSCLE_diversified_replicate.acb.386.afa', 86
'MUSCLE_diversified_replicate.acb.390.afa', 94
'MUSCLE_diversified_replicate.acb.394.afa', 84
'MUSCLE_diversified_replicate.acb.398.afa', 92
'MUSCLE_diversified_replicate.acb.42.afa', 92
'MUSCLE_diversified_replicate.acb.46.afa', 84
'MUSCLE_diversified_replicate.acb.50.afa', 94
'MUSCLE_diversified_replicate.acb.54.afa', 90
'MUSCLE_diversified_replicate.acb.58.afa', 82
'MUSCLE_diversified_replicate.acb.6.afa', 90
'MUSCLE_diversified_replicate.acb.62.afa', 88
'MUSCLE_diversified_replicate.acb.66.afa', 88
'MUSCLE_diversified_replicate.acb.70.afa', 94
'MUSCLE_diversified_replicate.acb.74.afa', 90
'MUSCLE_diversified_replicate.acb.78.afa', 86
'MUSCLE_diversified_replicate.acb.82.afa', 90
'MUSCLE_diversified_replicate.acb.86.afa', 86
'MUSCLE_diversified_replicate.acb.90.afa', 92
'MUSCLE_diversified_replicate.acb.94.afa', 90
'MUSCLE_diversified_replicate.acb.98.afa', 88
'MUSCLE_diversified_replicate.bca.103.afa', 90
'MUSCLE_diversified_replicate.bca.107.afa', 92
'MUSCLE_diversified_replicate.bca.11.afa', 88
'MUSCLE_diversified_replicate.bca.111.afa', 90
'MUSCLE_diversified_replicate.bca.115.afa', 86
'MUSCLE_diversified_replicate.bca.119.afa', 88
'MUSCLE_diversified_replicate.bca.123.afa', 90
'MUSCLE_diversified_replicate.bca.127.afa', 88
'MUSCLE_diversified_replicate.bca.131.afa', 94
'MUSCLE_diversified_replicate.bca.135.afa', 90
'MUSCLE_diversified_replicate.bca.139.afa', 92
'MUSCLE_diversified_replicate.bca.143.afa', 84
'MUSCLE_diversified_replicate.bca.147.afa', 94
'MUSCLE_diversified_replicate.bca.15.afa', 88
'MUSCLE_diversified_replicate.bca.151.afa', 90
'MUSCLE_diversified_replicate.bca.155.afa', 96
'MUSCLE_diversified_replicate.bca.159.afa', 94
'MUSCLE_diversified_replicate.bca.163.afa', 90
'MUSCLE_diversified_replicate.bca.167.afa', 88
'MUSCLE_diversified_replicate.bca.171.afa', 90
'MUSCLE_diversified_replicate.bca.175.afa', 96
'MUSCLE_diversified_replicate.bca.179.afa', 94
'MUSCLE_diversified_replicate.bca.183.afa', 92
'MUSCLE_diversified_replicate.bca.187.afa', 94
'MUSCLE_diversified_replicate.bca.19.afa', 90
'MUSCLE_diversified_replicate.bca.191.afa', 88
'MUSCLE_diversified_replicate.bca.195.afa', 94
'MUSCLE_diversified_replicate.bca.199.afa', 84
'MUSCLE_diversified_replicate.bca.203.afa', 88
'MUSCLE_diversified_replicate.bca.207.afa', 94
'MUSCLE_diversified_replicate.bca.211.afa', 90
'MUSCLE_diversified_replicate.bca.215.afa', 84
'MUSCLE_diversified_replicate.bca.219.afa', 82
'MUSCLE_diversified_replicate.bca.223.afa', 90
'MUSCLE_diversified_replicate.bca.227.afa', 94
'MUSCLE_diversified_replicate.bca.23.afa', 94
'MUSCLE_diversified_replicate.bca.231.afa', 84
'MUSCLE_diversified_replicate.bca.235.afa', 82
'MUSCLE_diversified_replicate.bca.239.afa', 90
'MUSCLE_diversified_replicate.bca.243.afa', 94
'MUSCLE_diversified_replicate.bca.247.afa', 88
'MUSCLE_diversified_replicate.bca.251.afa', 88
'MUSCLE_diversified_replicate.bca.255.afa', 86
'MUSCLE_diversified_replicate.bca.259.afa', 90
'MUSCLE_diversified_replicate.bca.263.afa', 90
'MUSCLE_diversified_replicate.bca.267.afa', 90
'MUSCLE_diversified_replicate.bca.27.afa', 92
'MUSCLE_diversified_replicate.bca.271.afa', 90
'MUSCLE_diversified_replicate.bca.275.afa', 90
'MUSCLE_diversified_replicate.bca.279.afa', 96
'MUSCLE_diversified_replicate.bca.283.afa', 92
'MUSCLE_diversified_replicate.bca.287.afa', 84
'MUSCLE_diversified_replicate.bca.291.afa', 82
'MUSCLE_diversified_replicate.bca.295.afa', 92
'MUSCLE_diversified_replicate.bca.299.afa', 90
'MUSCLE_diversified_replicate.bca.3.afa', 92
'MUSCLE_diversified_replicate.bca.303.afa', 86
'MUSCLE_diversified_replicate.bca.307.afa', 84
'MUSCLE_diversified_replicate.bca.31.afa', 88
'MUSCLE_diversified_replicate.bca.311.afa', 90
'MUSCLE_diversified_replicate.bca.315.afa', 88
'MUSCLE_diversified_replicate.bca.319.afa', 90
'MUSCLE_diversified_replicate.bca.323.afa', 96
'MUSCLE_diversified_replicate.bca.327.afa', 84
'MUSCLE_diversified_replicate.bca.331.afa', 90
'MUSCLE_diversified_replicate.bca.335.afa', 88
'MUSCLE_diversified_replicate.bca.339.afa', 96
'MUSCLE_diversified_replicate.bca.343.afa', 86
'MUSCLE_diversified_replicate.bca.347.afa', 88
'MUSCLE_diversified_replicate.bca.35.afa', 88
'MUSCLE_diversified_replicate.bca.351.afa', 88
'MUSCLE_diversified_replicate.bca.355.afa', 94
'MUSCLE_diversified_replicate.bca.359.afa', 88
'MUSCLE_diversified_replicate.bca.363.afa', 94
'MUSCLE_diversified_replicate.bca.367.afa', 94
'MUSCLE_diversified_replicate.bca.371.afa', 92
'MUSCLE_diversified_replicate.bca.375.afa', 90
'MUSCLE_diversified_replicate.bca.379.afa', 82
'MUSCLE_diversified_replicate.bca.383.afa', 92
'MUSCLE_diversified_replicate.bca.387.afa', 88
'MUSCLE_diversified_replicate.bca.39.afa', 96
'MUSCLE_diversified_replicate.bca.391.afa', 82
'MUSCLE_diversified_replicate.bca.395.afa', 86
'MUSCLE_diversified_replicate.bca.399.afa', 92
'MUSCLE_diversified_replicate.bca.43.afa', 98
'MUSCLE_diversified_replicate.bca.47.afa', 92
'MUSCLE_diversified_replicate.bca.51.afa', 90
'MUSCLE_diversified_replicate.bca.55.afa', 92
'MUSCLE_diversified_replicate.bca.59.afa', 86
'MUSCLE_diversified_replicate.bca.63.afa', 92
'MUSCLE_diversified_replicate.bca.67.afa', 88
'MUSCLE_diversified_replicate.bca.7.afa', 90
'MUSCLE_diversified_replicate.bca.71.afa', 86
'MUSCLE_diversified_replicate.bca.75.afa', 90
'MUSCLE_diversified_replicate.bca.79.afa', 92
'MUSCLE_diversified_replicate.bca.83.afa', 92
'MUSCLE_diversified_replicate.bca.87.afa', 92
'MUSCLE_diversified_replicate.bca.91.afa', 90
'MUSCLE_diversified_replicate.bca.95.afa', 86
'MUSCLE_diversified_replicate.bca.99.afa', 92
'MUSCLE_diversified_replicate.none.0.afa', 86
'MUSCLE_diversified_replicate.none.100.afa', 90
'MUSCLE_diversified_replicate.none.104.afa', 82
'MUSCLE_diversified_replicate.none.108.afa', 86
'MUSCLE_diversified_replicate.none.112.afa', 84
'MUSCLE_diversified_replicate.none.116.afa', 86
'MUSCLE_diversified_replicate.none.12.afa', 90
'MUSCLE_diversified_replicate.none.120.afa', 94
'MUSCLE_diversified_replicate.none.124.afa', 88
'MUSCLE_diversified_replicate.none.128.afa', 86
'MUSCLE_diversified_replicate.none.132.afa', 82
'MUSCLE_diversified_replicate.none.136.afa', 84
'MUSCLE_diversified_replicate.none.140.afa', 96
'MUSCLE_diversified_replicate.none.144.afa', 86
'MUSCLE_diversified_replicate.none.148.afa', 94
'MUSCLE_diversified_replicate.none.152.afa', 84
'MUSCLE_diversified_replicate.none.156.afa', 84
'MUSCLE_diversified_replicate.none.16.afa', 86
'MUSCLE_diversified_replicate.none.160.afa', 94
'MUSCLE_diversified_replicate.none.164.afa', 90
'MUSCLE_diversified_replicate.none.168.afa', 94
'MUSCLE_diversified_replicate.none.172.afa', 84
'MUSCLE_diversified_replicate.none.176.afa', 88
'MUSCLE_diversified_replicate.none.180.afa', 90
'MUSCLE_diversified_replicate.none.184.afa', 86
'MUSCLE_diversified_replicate.none.188.afa', 90
'MUSCLE_diversified_replicate.none.192.afa', 90
'MUSCLE_diversified_replicate.none.196.afa', 88
'MUSCLE_diversified_replicate.none.20.afa', 92
'MUSCLE_diversified_replicate.none.200.afa', 86
'MUSCLE_diversified_replicate.none.204.afa', 86
'MUSCLE_diversified_replicate.none.208.afa', 94
'MUSCLE_diversified_replicate.none.212.afa', 86
'MUSCLE_diversified_replicate.none.216.afa', 92
'MUSCLE_diversified_replicate.none.220.afa', 88
'MUSCLE_diversified_replicate.none.224.afa', 84
'MUSCLE_diversified_replicate.none.228.afa', 90
'MUSCLE_diversified_replicate.none.232.afa', 92
'MUSCLE_diversified_replicate.none.236.afa', 86
'MUSCLE_diversified_replicate.none.24.afa', 88
'MUSCLE_diversified_replicate.none.240.afa', 88
'MUSCLE_diversified_replicate.none.244.afa', 90
'MUSCLE_diversified_replicate.none.248.afa', 86
'MUSCLE_diversified_replicate.none.252.afa', 84
'MUSCLE_diversified_replicate.none.256.afa', 86
'MUSCLE_diversified_replicate.none.260.afa', 84
'MUSCLE_diversified_replicate.none.264.afa', 88
'MUSCLE_diversified_replicate.none.268.afa', 92
'MUSCLE_diversified_replicate.none.272.afa', 90
'MUSCLE_diversified_replicate.none.276.afa', 88
'MUSCLE_diversified_replicate.none.28.afa', 84
'MUSCLE_diversified_replicate.none.280.afa', 86
'MUSCLE_diversified_replicate.none.284.afa', 92
'MUSCLE_diversified_replicate.none.288.afa', 86
'MUSCLE_diversified_replicate.none.292.afa', 84
'MUSCLE_diversified_replicate.none.296.afa', 88
'MUSCLE_diversified_replicate.none.300.afa', 88
'MUSCLE_diversified_replicate.none.304.afa', 86
'MUSCLE_diversified_replicate.none.308.afa', 84
'MUSCLE_diversified_replicate.none.312.afa', 84
'MUSCLE_diversified_replicate.none.316.afa', 94
'MUSCLE_diversified_replicate.none.32.afa', 94
'MUSCLE_diversified_replicate.none.320.afa', 94
'MUSCLE_diversified_replicate.none.324.afa', 94
'MUSCLE_diversified_replicate.none.328.afa', 86
'MUSCLE_diversified_replicate.none.332.afa', 90
'MUSCLE_diversified_replicate.none.336.afa', 94
'MUSCLE_diversified_replicate.none.340.afa', 88
'MUSCLE_diversified_replicate.none.344.afa', 88
'MUSCLE_diversified_replicate.none.348.afa', 84
'MUSCLE_diversified_replicate.none.352.afa', 92
'MUSCLE_diversified_replicate.none.356.afa', 86
'MUSCLE_diversified_replicate.none.36.afa', 90
'MUSCLE_diversified_replicate.none.360.afa', 92
'MUSCLE_diversified_replicate.none.364.afa', 84
'MUSCLE_diversified_replicate.none.368.afa', 86
'MUSCLE_diversified_replicate.none.372.afa', 88
'MUSCLE_diversified_replicate.none.376.afa', 92
'MUSCLE_diversified_replicate.none.380.afa', 90
'MUSCLE_diversified_replicate.none.384.afa', 84
'MUSCLE_diversified_replicate.none.388.afa', 92
'MUSCLE_diversified_replicate.none.392.afa', 90
'MUSCLE_diversified_replicate.none.396.afa', 96
'MUSCLE_diversified_replicate.none.4.afa', 84
'MUSCLE_diversified_replicate.none.40.afa', 84
'MUSCLE_diversified_replicate.none.44.afa', 84
'MUSCLE_diversified_replicate.none.48.afa', 94
'MUSCLE_diversified_replicate.none.52.afa', 94
'MUSCLE_diversified_replicate.none.56.afa', 90
'MUSCLE_diversified_replicate.none.60.afa', 88
'MUSCLE_diversified_replicate.none.64.afa', 94
'MUSCLE_diversified_replicate.none.68.afa', 82
'MUSCLE_diversified_replicate.none.72.afa', 88
'MUSCLE_diversified_replicate.none.76.afa', 90
'MUSCLE_diversified_replicate.none.8.afa', 86
'MUSCLE_diversified_replicate.none.80.afa', 84
'MUSCLE_diversified_replicate.none.84.afa', 92
'MUSCLE_diversified_replicate.none.88.afa', 86
'MUSCLE_diversified_replicate.none.92.afa', 86
'MUSCLE_diversified_replicate.none.96.afa', 90
'PRANK_b0#0072_hhT_tree_27_OP_0.4763416014570167_Split_72.fasta', 94
'PRANK_b0#0072_htH_tree_27_OP_0.4763416014570167_Split_72.fasta', 92
'PRANK_b0#0072_thH_tree_27_OP_0.4763416014570167_Split_72.fasta', 92
'PRANK_b0#0072_thT_tree_27_OP_0.4763416014570167_Split_72.fasta', 92
'PRANK_b0#0073_hhH_tree_66_OP_0.0713400623751958_Split_73.fasta', 90
'PRANK_b0#0073_htT_tree_66_OP_0.0713400623751958_Split_73.fasta', 90
'PRANK_b0#0073_thH_tree_66_OP_0.0713400623751958_Split_73.fasta', 88
'PRANK_b0#0073_ttT_tree_66_OP_0.0713400623751958_Split_73.fasta', 88
'PRANK_b0#0074_hhT_tree_84_OP_0.4038138609410614_Split_74.fasta', 84
'PRANK_b0#0074_thH_tree_84_OP_0.4038138609410614_Split_74.fasta', 84
'PRANK_b0#0074_thT_tree_84_OP_0.4038138609410614_Split_74.fasta', 84
'PRANK_b0#0074_ttT_tree_84_OP_0.4038138609410614_Split_74.fasta', 84
'PRANK_b0#0076_hhH_tree_46_OP_0.3161094406556195_Split_76.fasta', 84
'PRANK_b0#0076_hhT_tree_68_OP_0.20238329115047654_Split_76.fasta', 84
'PRANK_b0#0076_htT_tree_46_OP_0.3161094406556195_Split_76.fasta', 86
'PRANK_b0#0076_htT_tree_68_OP_0.20238329115047654_Split_76.fasta', 84
'PRANK_b0#0076_thH_tree_46_OP_0.3161094406556195_Split_76.fasta', 84
'PRANK_b0#0076_thT_tree_46_OP_0.3161094406556195_Split_76.fasta', 86
'PRANK_b0#0076_thT_tree_68_OP_0.20238329115047654_Split_76.fasta', 84
'PRANK_b0#0076_ttT_tree_68_OP_0.20238329115047654_Split_76.fasta', 84
'PRANK_b0#0080_hhH_tree_10_OP_0.3852839954664548_Split_80.fasta', 86
'PRANK_b0#0080_hhH_tree_61_OP_0.43802625237740966_Split_80.fasta', 92
'PRANK_b0#0080_htH_tree_10_OP_0.3852839954664548_Split_80.fasta', 84
'PRANK_b0#0080_htT_tree_10_OP_0.3852839954664548_Split_80.fasta', 86
'PRANK_b0#0080_thH_tree_61_OP_0.43802625237740966_Split_80.fasta', 92
'PRANK_b0#0080_ttH_tree_61_OP_0.43802625237740966_Split_80.fasta', 92
'PRANK_b0#0080_ttT_tree_10_OP_0.3852839954664548_Split_80.fasta', 84
'PRANK_b0#0080_ttT_tree_61_OP_0.43802625237740966_Split_80.fasta', 90
'PRANK_b0#0081_hhT_tree_18_OP_0.1838389990525664_Split_81.fasta', 88
'PRANK_b0#0081_htT_tree_18_OP_0.1838389990525664_Split_81.fasta', 88
'PRANK_b0#0081_thH_tree_18_OP_0.1838389990525664_Split_81.fasta', 88
'PRANK_b0#0081_thT_tree_18_OP_0.1838389990525664_Split_81.fasta', 88
'PRANK_b0#0082_hhH_tree_45_OP_0.007558607743264889_Split_82.fasta', 84
'PRANK_b0#0082_hhH_tree_79_OP_0.31530635882700037_Split_82.fasta', 76
'PRANK_b0#0082_hhH_tree_87_OP_0.47649784315417915_Split_82.fasta', 82
'PRANK_b0#0082_hhT_tree_71_OP_0.09103776660177854_Split_82.fasta', 84
'PRANK_b0#0082_htH_tree_79_OP_0.31530635882700037_Split_82.fasta', 76
'PRANK_b0#0082_htH_tree_87_OP_0.47649784315417915_Split_82.fasta', 86
'PRANK_b0#0082_htT_tree_45_OP_0.007558607743264889_Split_82.fasta', 78
'PRANK_b0#0082_htT_tree_71_OP_0.09103776660177854_Split_82.fasta', 84
'PRANK_b0#0082_htT_tree_79_OP_0.31530635882700037_Split_82.fasta', 76
'PRANK_b0#0082_htT_tree_87_OP_0.47649784315417915_Split_82.fasta', 84
'PRANK_b0#0082_thT_tree_45_OP_0.007558607743264889_Split_82.fasta', 78
'PRANK_b0#0082_thT_tree_71_OP_0.09103776660177854_Split_82.fasta', 84
'PRANK_b0#0082_thT_tree_79_OP_0.31530635882700037_Split_82.fasta', 78
'PRANK_b0#0082_thT_tree_87_OP_0.47649784315417915_Split_82.fasta', 84
'PRANK_b0#0082_ttH_tree_45_OP_0.007558607743264889_Split_82.fasta', 84
'PRANK_b0#0082_ttH_tree_71_OP_0.09103776660177854_Split_82.fasta', 84
'PRANK_b0#0083_hhH_tree_31_OP_0.34547449981977224_Split_83.fasta', 90
'PRANK_b0#0083_hhT_tree_31_OP_0.34547449981977224_Split_83.fasta', 90
'PRANK_b0#0083_htT_tree_31_OP_0.34547449981977224_Split_83.fasta', 90
'PRANK_b0#0083_ttH_tree_31_OP_0.34547449981977224_Split_83.fasta', 90
'PRANK_b0#0087_hhT_tree_55_OP_0.1825662065880233_Split_87.fasta', 90
'PRANK_b0#0087_htH_tree_55_OP_0.1825662065880233_Split_87.fasta', 88
'PRANK_b0#0087_thH_tree_55_OP_0.1825662065880233_Split_87.fasta', 88
'PRANK_b0#0087_thT_tree_55_OP_0.1825662065880233_Split_87.fasta', 90
'PRANK_b0#0091_htH_tree_62_OP_0.39074957425316376_Split_91.fasta', 86
'PRANK_b0#0091_thH_tree_62_OP_0.39074957425316376_Split_91.fasta', 86
'PRANK_b0#0091_thT_tree_62_OP_0.39074957425316376_Split_91.fasta', 86
'PRANK_b0#0091_ttT_tree_62_OP_0.39074957425316376_Split_91.fasta', 86
'PRANK_b0#0093_hhH_tree_58_OP_0.09753314308212935_Split_93.fasta', 86
'PRANK_b0#0093_hhT_tree_58_OP_0.09753314308212935_Split_93.fasta', 84
'PRANK_b0#0093_htH_tree_58_OP_0.09753314308212935_Split_93.fasta', 86
'PRANK_b0#0093_htT_tree_58_OP_0.09753314308212935_Split_93.fasta', 84
'PRANK_b0#0094_htH_tree_73_OP_0.440440603840817_Split_94.fasta', 90
'PRANK_b0#0094_htT_tree_73_OP_0.440440603840817_Split_94.fasta', 88
'PRANK_b0#0094_ttH_tree_73_OP_0.440440603840817_Split_94.fasta', 88
'PRANK_b0#0094_ttT_tree_73_OP_0.440440603840817_Split_94.fasta', 90
'PRANK_b0#0097_hhH_tree_75_OP_0.3695753106569506_Split_97.fasta', 96
'PRANK_b0#0097_hhT_tree_94_OP_0.03257401556466255_Split_97.fasta', 80
'PRANK_b0#0097_htH_tree_75_OP_0.3695753106569506_Split_97.fasta', 96
'PRANK_b0#0097_thH_tree_75_OP_0.3695753106569506_Split_97.fasta', 96
'PRANK_b0#0097_thH_tree_94_OP_0.03257401556466255_Split_97.fasta', 80
'PRANK_b0#0097_thT_tree_94_OP_0.03257401556466255_Split_97.fasta', 80
'PRANK_b0#0097_ttT_tree_75_OP_0.3695753106569506_Split_97.fasta', 96
'PRANK_b0#0097_ttT_tree_94_OP_0.03257401556466255_Split_97.fasta', 80
'PRANK_b0#0098_hhH_tree_43_OP_0.21631800640479976_Split_98.fasta', 88
'PRANK_b0#0098_hhT_tree_43_OP_0.21631800640479976_Split_98.fasta', 88
'PRANK_b0#0098_htH_tree_1_OP_0.2222408454113426_Split_98.fasta', 86
'PRANK_b0#0098_htT_tree_1_OP_0.2222408454113426_Split_98.fasta', 86
'PRANK_b0#0098_htT_tree_43_OP_0.21631800640479976_Split_98.fasta', 88
'PRANK_b0#0098_thH_tree_1_OP_0.2222408454113426_Split_98.fasta', 86
'PRANK_b0#0098_ttH_tree_43_OP_0.21631800640479976_Split_98.fasta', 88
'PRANK_b0#0098_ttT_tree_1_OP_0.2222408454113426_Split_98.fasta', 86
'PRANK_b0#0099_hhT_tree_5_OP_0.01745253995019408_Split_99.fasta', 88
'PRANK_b0#0099_htH_tree_5_OP_0.01745253995019408_Split_99.fasta', 82
'PRANK_b0#0099_htT_tree_5_OP_0.01745253995019408_Split_99.fasta', 88
'PRANK_b0#0099_ttH_tree_5_OP_0.01745253995019408_Split_99.fasta', 82
'PRANK_b0#0107_hhH_tree_35_OP_0.35499063188854274_Split_107.fasta', 92
'PRANK_b0#0107_hhH_tree_67_OP_0.0356814374168391_Split_107.fasta', 86
'PRANK_b0#0107_hhT_tree_67_OP_0.0356814374168391_Split_107.fasta', 84
'PRANK_b0#0107_htH_tree_35_OP_0.35499063188854274_Split_107.fasta', 90
'PRANK_b0#0107_htT_tree_35_OP_0.35499063188854274_Split_107.fasta', 92
'PRANK_b0#0107_htT_tree_67_OP_0.0356814374168391_Split_107.fasta', 84
'PRANK_b0#0107_thH_tree_67_OP_0.0356814374168391_Split_107.fasta', 86
'PRANK_b0#0107_ttT_tree_35_OP_0.35499063188854274_Split_107.fasta', 92
'PRANK_b0#0108_hhH_tree_59_OP_0.4462142119645418_Split_108.fasta', 86
'PRANK_b0#0108_htH_tree_59_OP_0.4462142119645418_Split_108.fasta', 88
'PRANK_b0#0108_htT_tree_59_OP_0.4462142119645418_Split_108.fasta', 88
'PRANK_b0#0108_thH_tree_59_OP_0.4462142119645418_Split_108.fasta', 88
'PRANK_b0#0111_hhT_tree_6_OP_0.35816142256721034_Split_111.fasta', 82
'PRANK_b0#0111_htH_tree_6_OP_0.35816142256721034_Split_111.fasta', 80
'PRANK_b0#0111_thT_tree_6_OP_0.35816142256721034_Split_111.fasta', 82
'PRANK_b0#0111_ttH_tree_6_OP_0.35816142256721034_Split_111.fasta', 80
'PRANK_b0#0114_hhH_tree_36_OP_0.45100910683959744_Split_114.fasta', 82
'PRANK_b0#0114_hhH_tree_50_OP_0.04425825519742932_Split_114.fasta', 84
'PRANK_b0#0114_hhH_tree_60_OP_0.4150100803274729_Split_114.fasta', 82
'PRANK_b0#0114_hhT_tree_60_OP_0.4150100803274729_Split_114.fasta', 78
'PRANK_b0#0114_htH_tree_60_OP_0.4150100803274729_Split_114.fasta', 82
'PRANK_b0#0114_htT_tree_36_OP_0.45100910683959744_Split_114.fasta', 82
'PRANK_b0#0114_htT_tree_50_OP_0.04425825519742932_Split_114.fasta', 90
'PRANK_b0#0114_thT_tree_50_OP_0.04425825519742932_Split_114.fasta', 90
'PRANK_b0#0114_ttH_tree_36_OP_0.45100910683959744_Split_114.fasta', 82
'PRANK_b0#0114_ttT_tree_36_OP_0.45100910683959744_Split_114.fasta', 82
'PRANK_b0#0114_ttT_tree_50_OP_0.04425825519742932_Split_114.fasta', 90
'PRANK_b0#0114_ttT_tree_60_OP_0.4150100803274729_Split_114.fasta', 80
'PRANK_b0#0116_hhH_tree_29_OP_0.2366593050326784_Split_116.fasta', 82
'PRANK_b0#0116_htT_tree_29_OP_0.2366593050326784_Split_116.fasta', 82
'PRANK_b0#0116_thH_tree_29_OP_0.2366593050326784_Split_116.fasta', 82
'PRANK_b0#0116_ttT_tree_29_OP_0.2366593050326784_Split_116.fasta', 82
'PRANK_b0#0119_hhH_tree_69_OP_0.029157430315232213_Split_119.fasta', 84
'PRANK_b0#0119_htT_tree_69_OP_0.029157430315232213_Split_119.fasta', 84
'PRANK_b0#0119_thT_tree_69_OP_0.029157430315232213_Split_119.fasta', 84
'PRANK_b0#0119_ttT_tree_69_OP_0.029157430315232213_Split_119.fasta', 84
'PRANK_b0#0120_hhH_tree_34_OP_0.3369478557224796_Split_120.fasta', 86
'PRANK_b0#0120_hhT_tree_34_OP_0.3369478557224796_Split_120.fasta', 86
'PRANK_b0#0120_htH_tree_20_OP_0.4553796529450312_Split_120.fasta', 92
'PRANK_b0#0120_thH_tree_20_OP_0.4553796529450312_Split_120.fasta', 92
'PRANK_b0#0120_thT_tree_20_OP_0.4553796529450312_Split_120.fasta', 92
'PRANK_b0#0120_thT_tree_34_OP_0.3369478557224796_Split_120.fasta', 86
'PRANK_b0#0120_ttT_tree_20_OP_0.4553796529450312_Split_120.fasta', 94
'PRANK_b0#0120_ttT_tree_34_OP_0.3369478557224796_Split_120.fasta', 86
'PRANK_b0#0123_hhH_tree_47_OP_0.06224031551241854_Split_123.fasta', 88
'PRANK_b0#0123_hhT_tree_47_OP_0.06224031551241854_Split_123.fasta', 88
'PRANK_b0#0123_htH_tree_47_OP_0.06224031551241854_Split_123.fasta', 88
'PRANK_b0#0123_ttH_tree_47_OP_0.06224031551241854_Split_123.fasta', 88
'PRANK_b0#0125_hhH_tree_22_OP_0.19755149907080016_Split_125.fasta', 84
'PRANK_b0#0125_hhH_tree_70_OP_0.32271271259524825_Split_125.fasta', 88
'PRANK_b0#0125_hhH_tree_99_OP_0.07721329910007868_Split_125.fasta', 80
'PRANK_b0#0125_htH_tree_70_OP_0.32271271259524825_Split_125.fasta', 88
'PRANK_b0#0125_htH_tree_99_OP_0.07721329910007868_Split_125.fasta', 82
'PRANK_b0#0125_htT_tree_22_OP_0.19755149907080016_Split_125.fasta', 84
'PRANK_b0#0125_htT_tree_70_OP_0.32271271259524825_Split_125.fasta', 88
'PRANK_b0#0125_htT_tree_99_OP_0.07721329910007868_Split_125.fasta', 82
'PRANK_b0#0125_thH_tree_22_OP_0.19755149907080016_Split_125.fasta', 84
'PRANK_b0#0125_thH_tree_70_OP_0.32271271259524825_Split_125.fasta', 88
'PRANK_b0#0125_thH_tree_99_OP_0.07721329910007868_Split_125.fasta', 82
'PRANK_b0#0125_ttT_tree_22_OP_0.19755149907080016_Split_125.fasta', 84
'PRANK_b0#0130_hhH_tree_7_OP_0.08037493730611883_Split_130.fasta', 82
'PRANK_b0#0130_hhT_tree_7_OP_0.08037493730611883_Split_130.fasta', 82
'PRANK_b0#0130_htH_tree_7_OP_0.08037493730611883_Split_130.fasta', 82
'PRANK_b0#0130_thH_tree_7_OP_0.08037493730611883_Split_130.fasta', 82
'PRANK_b0#0131_hhH_tree_28_OP_0.08655478024241947_Split_131.fasta', 84
'PRANK_b0#0131_hhT_tree_28_OP_0.08655478024241947_Split_131.fasta', 84
'PRANK_b0#0131_htH_tree_28_OP_0.08655478024241947_Split_131.fasta', 84
'PRANK_b0#0131_htT_tree_28_OP_0.08655478024241947_Split_131.fasta', 84
'PRANK_b0#0132_hhT_tree_21_OP_0.4322335394691617_Split_132.fasta', 88
'PRANK_b0#0132_hhT_tree_24_OP_0.4561327584278544_Split_132.fasta', 90
'PRANK_b0#0132_htH_tree_21_OP_0.4322335394691617_Split_132.fasta', 86
'PRANK_b0#0132_htH_tree_24_OP_0.4561327584278544_Split_132.fasta', 90
'PRANK_b0#0132_htT_tree_24_OP_0.4561327584278544_Split_132.fasta', 92
'PRANK_b0#0132_ttH_tree_21_OP_0.4322335394691617_Split_132.fasta', 86
'PRANK_b0#0132_ttH_tree_24_OP_0.4561327584278544_Split_132.fasta', 90
'PRANK_b0#0132_ttT_tree_21_OP_0.4322335394691617_Split_132.fasta', 86
'PRANK_b0#0133_htH_tree_51_OP_0.06036912928019017_Split_133.fasta', 86
'PRANK_b0#0133_htT_tree_51_OP_0.06036912928019017_Split_133.fasta', 84
'PRANK_b0#0133_thH_tree_51_OP_0.06036912928019017_Split_133.fasta', 84
'PRANK_b0#0133_ttH_tree_51_OP_0.06036912928019017_Split_133.fasta', 84
'PRANK_b0#0134_hhH_tree_74_OP_0.10164582544762207_Split_134.fasta', 82
'PRANK_b0#0134_htT_tree_74_OP_0.10164582544762207_Split_134.fasta', 82
'PRANK_b0#0134_thT_tree_74_OP_0.10164582544762207_Split_134.fasta', 82
'PRANK_b0#0134_ttH_tree_74_OP_0.10164582544762207_Split_134.fasta', 82
'PRANK_b0#0135_hhH_tree_33_OP_0.3080112692508526_Split_135.fasta', 82
'PRANK_b0#0135_hhT_tree_33_OP_0.3080112692508526_Split_135.fasta', 86
'PRANK_b0#0135_hhT_tree_49_OP_0.4139658190699506_Split_135.fasta', 90
'PRANK_b0#0135_htH_tree_33_OP_0.3080112692508526_Split_135.fasta', 82
'PRANK_b0#0135_htH_tree_49_OP_0.4139658190699506_Split_135.fasta', 84
'PRANK_b0#0135_htH_tree_89_OP_0.3834228012661432_Split_135.fasta', 88
'PRANK_b0#0135_htT_tree_89_OP_0.3834228012661432_Split_135.fasta', 88
'PRANK_b0#0135_thH_tree_49_OP_0.4139658190699506_Split_135.fasta', 84
'PRANK_b0#0135_thT_tree_49_OP_0.4139658190699506_Split_135.fasta', 90
'PRANK_b0#0135_thT_tree_89_OP_0.3834228012661432_Split_135.fasta', 88
'PRANK_b0#0135_ttH_tree_33_OP_0.3080112692508526_Split_135.fasta', 82
'PRANK_b0#0135_ttT_tree_89_OP_0.3834228012661432_Split_135.fasta', 88
'PRANK_b1#0000_hhH_tree_53_OP_0.47852604537467147_Split_0.fasta', 98
'PRANK_b1#0000_hhT_tree_53_OP_0.47852604537467147_Split_0.fasta', 98
'PRANK_b1#0000_htH_tree_53_OP_0.47852604537467147_Split_0.fasta', 98
'PRANK_b1#0000_htT_tree_53_OP_0.47852604537467147_Split_0.fasta', 98
'PRANK_b1#0001_hhH_tree_8_OP_0.2276529131536924_Split_1.fasta', 80
'PRANK_b1#0001_hhH_tree_97_OP_0.3824806079306679_Split_1.fasta', 84
'PRANK_b1#0001_hhT_tree_8_OP_0.2276529131536924_Split_1.fasta', 90
'PRANK_b1#0001_hhT_tree_97_OP_0.3824806079306679_Split_1.fasta', 84
'PRANK_b1#0001_htH_tree_8_OP_0.2276529131536924_Split_1.fasta', 80
'PRANK_b1#0001_htH_tree_97_OP_0.3824806079306679_Split_1.fasta', 84
'PRANK_b1#0001_htT_tree_8_OP_0.2276529131536924_Split_1.fasta', 90
'PRANK_b1#0001_htT_tree_97_OP_0.3824806079306679_Split_1.fasta', 84
'PRANK_b1#0002_hhH_tree_25_OP_0.25335942582204757_Split_2.fasta', 88
'PRANK_b1#0002_hhT_tree_25_OP_0.25335942582204757_Split_2.fasta', 88
'PRANK_b1#0002_htH_tree_25_OP_0.25335942582204757_Split_2.fasta', 88
'PRANK_b1#0002_htT_tree_25_OP_0.25335942582204757_Split_2.fasta', 88
'PRANK_b1#0003_hhH_tree_48_OP_0.3083909011181323_Split_3.fasta', 84
'PRANK_b1#0003_hhT_tree_48_OP_0.3083909011181323_Split_3.fasta', 82
'PRANK_b1#0003_htH_tree_48_OP_0.3083909011181323_Split_3.fasta', 84
'PRANK_b1#0003_htT_tree_48_OP_0.3083909011181323_Split_3.fasta', 82
'PRANK_b1#0005_hhH_tree_65_OP_0.4947287218713613_Split_5.fasta', 88
'PRANK_b1#0005_hhT_tree_65_OP_0.4947287218713613_Split_5.fasta', 90
'PRANK_b1#0005_htH_tree_65_OP_0.4947287218713613_Split_5.fasta', 86
'PRANK_b1#0005_htT_tree_65_OP_0.4947287218713613_Split_5.fasta', 88
'PRANK_b1#0008_hhH_tree_16_OP_0.443197383444649_Split_8.fasta', 94
'PRANK_b1#0008_hhT_tree_16_OP_0.443197383444649_Split_8.fasta', 96
'PRANK_b1#0008_htH_tree_16_OP_0.443197383444649_Split_8.fasta', 94
'PRANK_b1#0008_htT_tree_16_OP_0.443197383444649_Split_8.fasta', 96
'PRANK_b1#0009_hhH_tree_3_OP_0.0031219824369998483_Split_9.fasta', 90
'PRANK_b1#0009_hhT_tree_3_OP_0.0031219824369998483_Split_9.fasta', 86
'PRANK_b1#0009_htH_tree_3_OP_0.0031219824369998483_Split_9.fasta', 90
'PRANK_b1#0009_htT_tree_3_OP_0.0031219824369998483_Split_9.fasta', 86
'PRANK_b1#0010_hhH_tree_11_OP_0.02501047234205872_Split_10.fasta', 86
'PRANK_b1#0010_hhT_tree_11_OP_0.02501047234205872_Split_10.fasta', 86
'PRANK_b1#0010_htH_tree_11_OP_0.02501047234205872_Split_10.fasta', 86
'PRANK_b1#0010_htT_tree_11_OP_0.02501047234205872_Split_10.fasta', 86
'PRANK_b1#0014_hhH_tree_80_OP_0.35530046303159746_Split_14.fasta', 90
'PRANK_b1#0014_hhT_tree_80_OP_0.35530046303159746_Split_14.fasta', 90
'PRANK_b1#0014_htH_tree_80_OP_0.35530046303159746_Split_14.fasta', 88
'PRANK_b1#0014_htT_tree_80_OP_0.35530046303159746_Split_14.fasta', 90
'PRANK_b1#0015_hhH_tree_86_OP_0.44032064231428447_Split_15.fasta', 70
'PRANK_b1#0015_hhT_tree_86_OP_0.44032064231428447_Split_15.fasta', 70
'PRANK_b1#0015_htH_tree_86_OP_0.44032064231428447_Split_15.fasta', 76
'PRANK_b1#0015_htT_tree_86_OP_0.44032064231428447_Split_15.fasta', 70
'PRANK_b1#0016_hhH_tree_0_OP_0.3299073333496402_Split_16.fasta', 80
'PRANK_b1#0016_hhH_tree_19_OP_0.13446693817360728_Split_16.fasta', 78
'PRANK_b1#0016_hhT_tree_0_OP_0.3299073333496402_Split_16.fasta', 86
'PRANK_b1#0016_hhT_tree_19_OP_0.13446693817360728_Split_16.fasta', 78
'PRANK_b1#0016_htH_tree_0_OP_0.3299073333496402_Split_16.fasta', 80
'PRANK_b1#0016_htH_tree_19_OP_0.13446693817360728_Split_16.fasta', 78
'PRANK_b1#0016_htT_tree_0_OP_0.3299073333496402_Split_16.fasta', 86
'PRANK_b1#0016_htT_tree_19_OP_0.13446693817360728_Split_16.fasta', 78
'PRANK_b1#0017_hhH_tree_54_OP_0.06703168554016747_Split_17.fasta', 78
'PRANK_b1#0017_hhH_tree_85_OP_0.32499534956864934_Split_17.fasta', 94
'PRANK_b1#0017_hhT_tree_54_OP_0.06703168554016747_Split_17.fasta', 74
'PRANK_b1#0017_hhT_tree_85_OP_0.32499534956864934_Split_17.fasta', 94
'PRANK_b1#0017_htH_tree_54_OP_0.06703168554016747_Split_17.fasta', 74
'PRANK_b1#0017_htH_tree_85_OP_0.32499534956864934_Split_17.fasta', 94
'PRANK_b1#0017_htT_tree_54_OP_0.06703168554016747_Split_17.fasta', 70
'PRANK_b1#0017_htT_tree_85_OP_0.32499534956864934_Split_17.fasta', 94
'PRANK_b1#0018_hhH_tree_82_OP_0.21176863445843802_Split_18.fasta', 90
'PRANK_b1#0018_hhT_tree_82_OP_0.21176863445843802_Split_18.fasta', 94
'PRANK_b1#0018_htH_tree_82_OP_0.21176863445843802_Split_18.fasta', 90
'PRANK_b1#0018_htT_tree_82_OP_0.21176863445843802_Split_18.fasta', 90
'PRANK_b1#0020_hhH_tree_9_OP_0.046308512439017624_Split_20.fasta', 82
'PRANK_b1#0020_hhT_tree_9_OP_0.046308512439017624_Split_20.fasta', 82
'PRANK_b1#0020_htH_tree_9_OP_0.046308512439017624_Split_20.fasta', 82
'PRANK_b1#0020_htT_tree_9_OP_0.046308512439017624_Split_20.fasta', 82
'PRANK_b1#0023_hhH_tree_44_OP_0.17283181966422895_Split_23.fasta', 78
'PRANK_b1#0023_hhT_tree_44_OP_0.17283181966422895_Split_23.fasta', 80
'PRANK_b1#0023_htH_tree_44_OP_0.17283181966422895_Split_23.fasta', 84
'PRANK_b1#0023_htT_tree_44_OP_0.17283181966422895_Split_23.fasta', 78
'PRANK_b1#0024_hhH_tree_23_OP_0.4851974727112967_Split_24.fasta', 84
'PRANK_b1#0024_hhH_tree_90_OP_0.29157728851681414_Split_24.fasta', 88
'PRANK_b1#0024_hhT_tree_23_OP_0.4851974727112967_Split_24.fasta', 92
'PRANK_b1#0024_hhT_tree_90_OP_0.29157728851681414_Split_24.fasta', 86
'PRANK_b1#0024_htH_tree_23_OP_0.4851974727112967_Split_24.fasta', 84
'PRANK_b1#0024_htH_tree_90_OP_0.29157728851681414_Split_24.fasta', 88
'PRANK_b1#0024_htT_tree_23_OP_0.4851974727112967_Split_24.fasta', 92
'PRANK_b1#0024_htT_tree_90_OP_0.29157728851681414_Split_24.fasta', 86
'PRANK_b1#0025_hhH_tree_92_OP_0.4236436314196126_Split_25.fasta', 92
'PRANK_b1#0025_hhT_tree_92_OP_0.4236436314196126_Split_25.fasta', 88
'PRANK_b1#0025_htH_tree_92_OP_0.4236436314196126_Split_25.fasta', 92
'PRANK_b1#0025_htT_tree_92_OP_0.4236436314196126_Split_25.fasta', 88
'PRANK_b1#0026_hhH_tree_4_OP_0.3943417898531398_Split_26.fasta', 84
'PRANK_b1#0026_hhT_tree_4_OP_0.3943417898531398_Split_26.fasta', 80
'PRANK_b1#0026_htH_tree_4_OP_0.3943417898531398_Split_26.fasta', 84
'PRANK_b1#0026_htT_tree_4_OP_0.3943417898531398_Split_26.fasta', 84
'PRANK_b1#0027_hhH_tree_14_OP_0.2661419029018902_Split_27.fasta', 84
'PRANK_b1#0027_hhH_tree_26_OP_0.33850544008411876_Split_27.fasta', 86
'PRANK_b1#0027_hhH_tree_77_OP_0.4773558621686793_Split_27.fasta', 88
'PRANK_b1#0027_hhH_tree_95_OP_0.41398503725941077_Split_27.fasta', 88
'PRANK_b1#0027_hhT_tree_14_OP_0.2661419029018902_Split_27.fasta', 90
'PRANK_b1#0027_hhT_tree_26_OP_0.33850544008411876_Split_27.fasta', 86
'PRANK_b1#0027_hhT_tree_77_OP_0.4773558621686793_Split_27.fasta', 86
'PRANK_b1#0027_hhT_tree_95_OP_0.41398503725941077_Split_27.fasta', 86
'PRANK_b1#0027_htH_tree_14_OP_0.2661419029018902_Split_27.fasta', 92
'PRANK_b1#0027_htH_tree_26_OP_0.33850544008411876_Split_27.fasta', 86
'PRANK_b1#0027_htH_tree_77_OP_0.4773558621686793_Split_27.fasta', 88
'PRANK_b1#0027_htH_tree_95_OP_0.41398503725941077_Split_27.fasta', 88
'PRANK_b1#0027_htT_tree_14_OP_0.2661419029018902_Split_27.fasta', 92
'PRANK_b1#0027_htT_tree_26_OP_0.33850544008411876_Split_27.fasta', 84
'PRANK_b1#0027_htT_tree_77_OP_0.4773558621686793_Split_27.fasta', 88
'PRANK_b1#0027_htT_tree_95_OP_0.41398503725941077_Split_27.fasta', 86
'PRANK_b1#0028_hhH_tree_38_OP_0.23313655868320188_Split_28.fasta', 86
'PRANK_b1#0028_hhT_tree_38_OP_0.23313655868320188_Split_28.fasta', 86
'PRANK_b1#0028_htH_tree_38_OP_0.23313655868320188_Split_28.fasta', 86
'PRANK_b1#0028_htT_tree_38_OP_0.23313655868320188_Split_28.fasta', 86
'PRANK_b1#0029_hhH_tree_81_OP_0.4655204760513292_Split_29.fasta', 70
'PRANK_b1#0029_hhT_tree_81_OP_0.4655204760513292_Split_29.fasta', 68
'PRANK_b1#0029_htH_tree_81_OP_0.4655204760513292_Split_29.fasta', 74
'PRANK_b1#0029_htT_tree_81_OP_0.4655204760513292_Split_29.fasta', 68
'PRANK_b1#0031_hhH_tree_30_OP_0.4151238578169169_Split_31.fasta', 94
'PRANK_b1#0031_hhT_tree_30_OP_0.4151238578169169_Split_31.fasta', 90
'PRANK_b1#0031_htH_tree_30_OP_0.4151238578169169_Split_31.fasta', 94
'PRANK_b1#0031_htT_tree_30_OP_0.4151238578169169_Split_31.fasta', 90
'PRANK_b1#0033_hhH_tree_83_OP_0.03402050192975764_Split_33.fasta', 84
'PRANK_b1#0033_hhT_tree_83_OP_0.03402050192975764_Split_33.fasta', 88
'PRANK_b1#0033_htH_tree_83_OP_0.03402050192975764_Split_33.fasta', 84
'PRANK_b1#0033_htT_tree_83_OP_0.03402050192975764_Split_33.fasta', 88
'PRANK_b1#0035_hhH_tree_63_OP_0.059013190019225226_Split_35.fasta', 78
'PRANK_b1#0035_hhT_tree_63_OP_0.059013190019225226_Split_35.fasta', 78
'PRANK_b1#0035_htH_tree_63_OP_0.059013190019225226_Split_35.fasta', 78
'PRANK_b1#0035_htT_tree_63_OP_0.059013190019225226_Split_35.fasta', 78
'PRANK_b1#0037_hhH_tree_13_OP_0.3781640017878543_Split_37.fasta', 88
'PRANK_b1#0037_hhT_tree_13_OP_0.3781640017878543_Split_37.fasta', 88
'PRANK_b1#0037_htH_tree_13_OP_0.3781640017878543_Split_37.fasta', 88
'PRANK_b1#0037_htT_tree_13_OP_0.3781640017878543_Split_37.fasta', 88
'PRANK_b1#0038_hhH_tree_88_OP_0.18638703294320896_Split_38.fasta', 88
'PRANK_b1#0038_hhT_tree_88_OP_0.18638703294320896_Split_38.fasta', 88
'PRANK_b1#0038_htH_tree_88_OP_0.18638703294320896_Split_38.fasta', 88
'PRANK_b1#0038_htT_tree_88_OP_0.18638703294320896_Split_38.fasta', 88
'PRANK_b1#0039_hhH_tree_39_OP_0.20013795870130718_Split_39.fasta', 80
'PRANK_b1#0039_hhT_tree_39_OP_0.20013795870130718_Split_39.fasta', 78
'PRANK_b1#0039_htH_tree_39_OP_0.20013795870130718_Split_39.fasta', 80
'PRANK_b1#0039_htT_tree_39_OP_0.20013795870130718_Split_39.fasta', 80
'PRANK_b1#0040_hhH_tree_56_OP_0.3822330187860093_Split_40.fasta', 86
'PRANK_b1#0040_hhT_tree_56_OP_0.3822330187860093_Split_40.fasta', 84
'PRANK_b1#0040_htH_tree_56_OP_0.3822330187860093_Split_40.fasta', 86
'PRANK_b1#0040_htT_tree_56_OP_0.3822330187860093_Split_40.fasta', 90
'PRANK_b1#0044_hhH_tree_17_OP_0.12210912176438099_Split_44.fasta', 84
'PRANK_b1#0044_hhH_tree_40_OP_0.4295620201128014_Split_44.fasta', 90
'PRANK_b1#0044_hhT_tree_17_OP_0.12210912176438099_Split_44.fasta', 82
'PRANK_b1#0044_hhT_tree_40_OP_0.4295620201128014_Split_44.fasta', 92
'PRANK_b1#0044_htH_tree_17_OP_0.12210912176438099_Split_44.fasta', 82
'PRANK_b1#0044_htH_tree_40_OP_0.4295620201128014_Split_44.fasta', 86
'PRANK_b1#0044_htT_tree_17_OP_0.12210912176438099_Split_44.fasta', 86
'PRANK_b1#0044_htT_tree_40_OP_0.4295620201128014_Split_44.fasta', 86
'PRANK_b1#0050_hhH_tree_2_OP_0.14722201394016315_Split_50.fasta', 88
'PRANK_b1#0050_hhT_tree_2_OP_0.14722201394016315_Split_50.fasta', 88
'PRANK_b1#0050_htH_tree_2_OP_0.14722201394016315_Split_50.fasta', 88
'PRANK_b1#0050_htT_tree_2_OP_0.14722201394016315_Split_50.fasta', 88
'PRANK_b1#0053_hhH_tree_72_OP_0.37205855643918867_Split_53.fasta', 90
'PRANK_b1#0053_hhT_tree_72_OP_0.37205855643918867_Split_53.fasta', 92
'PRANK_b1#0053_htH_tree_72_OP_0.37205855643918867_Split_53.fasta', 94
'PRANK_b1#0053_htT_tree_72_OP_0.37205855643918867_Split_53.fasta', 94
'PRANK_b1#0054_hhH_tree_91_OP_0.4303334705124228_Split_54.fasta', 90
'PRANK_b1#0054_hhT_tree_91_OP_0.4303334705124228_Split_54.fasta', 90
'PRANK_b1#0054_htH_tree_91_OP_0.4303334705124228_Split_54.fasta', 90
'PRANK_b1#0054_htT_tree_91_OP_0.4303334705124228_Split_54.fasta', 92
'PRANK_b1#0055_hhH_tree_98_OP_0.12068975521049707_Split_55.fasta', 86
'PRANK_b1#0055_hhT_tree_98_OP_0.12068975521049707_Split_55.fasta', 86
'PRANK_b1#0055_htH_tree_98_OP_0.12068975521049707_Split_55.fasta', 86
'PRANK_b1#0055_htT_tree_98_OP_0.12068975521049707_Split_55.fasta', 86
'PRANK_b1#0056_hhH_tree_42_OP_0.33458934370618754_Split_56.fasta', 94
'PRANK_b1#0056_hhT_tree_42_OP_0.33458934370618754_Split_56.fasta', 92
'PRANK_b1#0056_htH_tree_42_OP_0.33458934370618754_Split_56.fasta', 92
'PRANK_b1#0056_htT_tree_42_OP_0.33458934370618754_Split_56.fasta', 94
'PRANK_b1#0057_hhH_tree_32_OP_0.34720117228077035_Split_57.fasta', 94
'PRANK_b1#0057_hhH_tree_64_OP_0.29702734958474214_Split_57.fasta', 88
'PRANK_b1#0057_hhT_tree_32_OP_0.34720117228077035_Split_57.fasta', 90
'PRANK_b1#0057_hhT_tree_64_OP_0.29702734958474214_Split_57.fasta', 88
'PRANK_b1#0057_htH_tree_32_OP_0.34720117228077035_Split_57.fasta', 90
'PRANK_b1#0057_htH_tree_64_OP_0.29702734958474214_Split_57.fasta', 88
'PRANK_b1#0057_htT_tree_32_OP_0.34720117228077035_Split_57.fasta', 90
'PRANK_b1#0057_htT_tree_64_OP_0.29702734958474214_Split_57.fasta', 88
'PRANK_b1#0058_hhH_tree_15_OP_0.18578114455379607_Split_58.fasta', 94
'PRANK_b1#0058_hhH_tree_37_OP_0.027540296984909285_Split_58.fasta', 80
'PRANK_b1#0058_hhT_tree_15_OP_0.18578114455379607_Split_58.fasta', 94
'PRANK_b1#0058_hhT_tree_37_OP_0.027540296984909285_Split_58.fasta', 78
'PRANK_b1#0058_htH_tree_15_OP_0.18578114455379607_Split_58.fasta', 94
'PRANK_b1#0058_htH_tree_37_OP_0.027540296984909285_Split_58.fasta', 78
'PRANK_b1#0058_htT_tree_15_OP_0.18578114455379607_Split_58.fasta', 94
'PRANK_b1#0058_htT_tree_37_OP_0.027540296984909285_Split_58.fasta', 78
'PRANK_b1#0059_hhH_tree_78_OP_0.3294362990653735_Split_59.fasta', 86
'PRANK_b1#0059_hhT_tree_78_OP_0.3294362990653735_Split_59.fasta', 86
'PRANK_b1#0059_htH_tree_78_OP_0.3294362990653735_Split_59.fasta', 86
'PRANK_b1#0059_htT_tree_78_OP_0.3294362990653735_Split_59.fasta', 84
'PRANK_b1#0061_hhH_tree_12_OP_0.2301703177330603_Split_61.fasta', 88
'PRANK_b1#0061_hhH_tree_93_OP_0.15988349053167994_Split_61.fasta', 84
'PRANK_b1#0061_hhT_tree_12_OP_0.2301703177330603_Split_61.fasta', 88
'PRANK_b1#0061_hhT_tree_93_OP_0.15988349053167994_Split_61.fasta', 82
'PRANK_b1#0061_htH_tree_12_OP_0.2301703177330603_Split_61.fasta', 88
'PRANK_b1#0061_htH_tree_93_OP_0.15988349053167994_Split_61.fasta', 84
'PRANK_b1#0061_htT_tree_12_OP_0.2301703177330603_Split_61.fasta', 88
'PRANK_b1#0061_htT_tree_93_OP_0.15988349053167994_Split_61.fasta', 82
'PRANK_b1#0063_hhH_tree_57_OP_0.3366180387199917_Split_63.fasta', 94
'PRANK_b1#0063_hhT_tree_57_OP_0.3366180387199917_Split_63.fasta', 94
'PRANK_b1#0063_htH_tree_57_OP_0.3366180387199917_Split_63.fasta', 90
'PRANK_b1#0063_htT_tree_57_OP_0.3366180387199917_Split_63.fasta', 94
'PRANK_b1#0065_hhH_tree_41_OP_0.29516359933533687_Split_65.fasta', 88
'PRANK_b1#0065_hhH_tree_96_OP_0.1147740578269677_Split_65.fasta', 82
'PRANK_b1#0065_hhT_tree_41_OP_0.29516359933533687_Split_65.fasta', 78
'PRANK_b1#0065_hhT_tree_96_OP_0.1147740578269677_Split_65.fasta', 82
'PRANK_b1#0065_htH_tree_41_OP_0.29516359933533687_Split_65.fasta', 88
'PRANK_b1#0065_htH_tree_96_OP_0.1147740578269677_Split_65.fasta', 82
'PRANK_b1#0065_htT_tree_41_OP_0.29516359933533687_Split_65.fasta', 84
'PRANK_b1#0065_htT_tree_96_OP_0.1147740578269677_Split_65.fasta', 82
'PRANK_b1#0066_hhH_tree_52_OP_0.4149182012135876_Split_66.fasta', 90
'PRANK_b1#0066_hhT_tree_52_OP_0.4149182012135876_Split_66.fasta', 88
'PRANK_b1#0066_htH_tree_52_OP_0.4149182012135876_Split_66.fasta', 90
'PRANK_b1#0066_htT_tree_52_OP_0.4149182012135876_Split_66.fasta', 88
'PRANK_b1#0069_hhH_tree_76_OP_0.38153225307990896_Split_69.fasta', 86
'PRANK_b1#0069_hhT_tree_76_OP_0.38153225307990896_Split_69.fasta', 88
'PRANK_b1#0069_htH_tree_76_OP_0.38153225307990896_Split_69.fasta', 88
'PRANK_b1#0069_htT_tree_76_OP_0.38153225307990896_Split_69.fasta', 88
'126014', 86
